Price,Close,High,Low,Open,Volume
Ticker,NKE,NKE,NKE,NKE,NKE
Date,,,,,
2022-01-03,153.47998046875,156.4998139863242,152.21239760948444,156.14563203065154,5670500
2022-01-04,155.08311462402344,155.8194246173821,153.7875714095099,154.6077763413659,6064200
2022-01-05,151.22445678710938,155.66099043028896,151.08465558207251,155.17633677156604,5021000
2022-01-06,150.09666442871094,152.10057163283227,148.25121754174623,151.0753154612454,4144600
2022-01-07,146.30320739746094,150.18983606672143,146.2006818066795,149.84498372586032,5108000
2022-01-10,140.2169952392578,141.046515567336,138.66979554629185,140.2915606220156,10439000
2022-01-11,140.0865020751953,140.58980060521853,137.56998098129552,140.25426351123912,8175400
2022-01-12,141.86669921875,143.03175648306507,140.49659073816423,141.79213384720697,6351200
2022-01-13,139.4247283935547,143.1622411692412,138.8934696807093,142.78941431454328,4990900
2022-01-14,138.11053466796875,138.72568828628607,136.8709263154516,138.30627053630235,6030500
2022-01-18,136.96409606933594,138.71634632267242,136.3582721269651,137.99866723905674,6931000
2022-01-19,135.2491912841797,138.9680598245977,135.16531056012863,137.71910741607968,4823800
2022-01-20,133.03089904785156,137.36492074632915,132.8165324863189,135.57539443629827,5366500
2022-01-21,133.23594665527344,136.41422630353108,133.1427506067361,134.51285909506086,7553400
2022-01-24,136.0786590576172,136.36759092121014,130.0762830538203,131.24134006629993,9733200
2022-01-25,135.59400939941406,137.90549305948107,132.82583243169879,135.1186711949569,8195400
2022-01-26,134.20529174804688,138.84687626100904,133.03090483402514,137.7377393852736,7444600
2022-01-27,134.81109619140625,137.33694642180006,133.82312997571734,135.1373178914044,6396400
2022-01-28,135.99481201171875,136.1066529615828,131.054966212287,134.32644199282856,6130200
2022-01-31,138.00804138183594,138.11055277643996,135.35170491383514,136.33035594004025,6932200
2022-02-01,138.14781188964844,139.50859061880456,136.82430873007823,139.34082922283534,6695000
2022-02-02,138.60452270507812,139.30355698209772,137.50470138051844,138.26898568323315,5491700
2022-02-03,135.43557739257812,138.37153029261404,135.1186852233727,137.38354976561772,5240200
2022-02-04,135.5101318359375,136.526058296274,133.87905176366002,135.49148693869668,4313400
2022-02-07,135.277099609375,136.1905003273615,134.41961935262825,135.42623032060592,3877500
2022-02-08,133.77650451660156,135.612635495773,132.6300924048482,134.90428595601813,5829400
2022-02-09,136.32101440429688,137.34627047919136,135.77111079225816,136.18121322221597,4551000
2022-02-10,134.97889709472656,137.5140489154992,134.07481141367887,134.17733703385622,5142600
2022-02-11,130.6541748046875,135.20256290798397,130.07631095355703,134.92294632063715,6710500
2022-02-14,131.9683837890625,133.4783079120136,130.2906982201683,130.56099951226685,6841200
2022-02-15,135.6872100830078,136.3769289973547,134.3077864762023,134.4196274053819,7820200
2022-02-16,136.535400390625,136.96413351329724,134.7831496582492,135.1652918663764,4817500
2022-02-17,133.09617614746094,136.9268859059422,132.94704536916097,135.6499731718526,5202300
2022-02-18,133.23594665527344,134.15867713370355,132.17341499309202,133.62740419166758,5177400
2022-02-22,128.7993927001953,132.014947399527,126.90734113831451,131.9683422719072,9604500
2022-02-23,127.53182220458984,131.39049105661294,127.23356073685397,130.16951339458453,7636600
2022-02-24,127.8487319946289,128.0817434652516,122.0327605680057,123.96210237126948,8417200
2022-02-25,129.36795043945312,129.75940794024666,126.93531051018024,128.74348150567133,5424500
2022-02-28,127.27085876464844,128.97650431114417,125.86346048329318,127.74619700997722,6613300
2022-03-01,123.23509216308594,127.45725833999795,122.23779636821472,127.42929810480433,6534000
2022-03-02,126.45995330810547,127.32676320146216,123.74771113920755,123.94343277126673,7743900
2022-03-03,124.86614990234375,127.50384065132145,124.38148220925326,127.44792019094317,4576500
2022-03-04,122.54473114013672,124.8241141242662,122.09633237002039,123.78718216851352,7084500
2022-03-07,116.24842834472656,122.40462170737138,115.99619777815514,122.37659767267913,11383400
2022-03-08,113.2310562133789,117.21063335222915,112.84804916628502,116.99577052544154,9089400
2022-03-09,118.59319305419922,121.1154558901659,118.29425814677228,118.9948875042264,8845100
2022-03-10,117.73377990722656,118.26625804154077,115.83741053637374,115.85609085373045,7167400
2022-03-11,114.55757904052734,119.45264841099664,114.44548289415562,118.64925943520096,5882000
2022-03-14,109.8306655883789,114.389425032145,109.06464438825488,113.52998800316114,13884900
2022-03-15,111.54019927978516,112.4930521053999,109.99881321063512,111.95123033830002,10431300
2022-03-16,116.94905853271484,117.80849552937384,113.90365416166505,114.76309115832406,11100400
2022-03-17,119.0229263305664,119.0229263305664,115.5571399472493,116.71551902440379,6845300
2022-03-18,122.60078430175781,122.80630335903149,118.35963385184338,118.4997611297272,10350900
2022-03-21,121.61992645263672,123.60036769541445,120.15326870841,121.18086421419572,14388500
2022-03-22,124.32903289794922,129.84999660635535,124.23562418680957,128.2432185295839,19731200
2022-03-23,124.24492645263672,126.48693446132452,122.56341331895122,123.90862382589962,8068800
2022-03-24,123.385498046875,125.35660247281562,122.56342173521361,124.94556431698493,5853800
2022-03-25,124.8989028930664,125.05771056157607,123.03990810836517,124.29169626321499,6287000
2022-03-28,125.93580627441406,125.98251775541209,123.46959117375114,124.95492219082641,5804100
2022-03-29,129.9807586669922,130.5506044515878,127.93491864927456,128.77568243627212,7275900
2022-03-30,129.42025756835938,130.65337216465994,128.50477246932343,129.83129576712622,5545800
2022-03-31,125.7022476196289,129.5790719948133,125.64619955108134,128.75699564453978,7206500
2022-04-01,124.73070526123047,126.37484358559402,124.01138850804772,125.59947876801726,5807500
2022-04-04,125.49674224853516,126.30948209432809,124.1141708073335,124.29166588002785,5307300
2022-04-05,123.59102630615234,125.81434719387731,123.32945914289058,125.21647735580167,5707800
2022-04-06,119.91040802001953,121.72270533384564,118.0140385844619,121.48916215947308,6961000
2022-04-07,120.86325073242188,121.42374571747794,118.72398758124967,119.04160995872002,5320500
2022-04-08,119.71420288085938,121.37702882812049,119.46197943610984,120.91929341554614,4877400
2022-04-11,116.7529067993164,118.51849262635622,116.13634939829448,116.8650029615589,6365400
2022-04-12,116.80894470214844,119.66751775217169,116.15501959496888,116.95840861450539,5146800
2022-04-13,119.09766387939453,119.44331031037156,116.80894383910491,116.80894383910491,5119300
2022-04-14,124.67469024658203,125.53412738857614,120.40551432189372,120.58300940908643,12811300
2022-04-18,122.96514129638672,124.60927990601922,121.7320266484056,123.31078058968036,5298200
2022-04-19,128.02835083007812,128.43003818449938,124.03943005030912,124.3290212601183,7346100
2022-04-20,126.92599487304688,129.52299291153048,126.72982665851472,128.87842595230006,5309700
2022-04-21,126.54301452636719,129.98076252243783,126.18802441103811,129.42960416236258,6562400
2022-04-22,120.57367706298828,126.047915393186,120.23737432128337,125.48742032657393,7321700
2022-04-25,119.51805114746094,120.45222379766233,116.63145395220934,119.38726754660648,6512500
2022-04-26,112.58648681640625,119.19108729437279,112.54912618159581,118.59321735699999,7977900
2022-04-27,113.25908660888672,115.83740503923909,113.1189592902598,113.1189592902598,6007800
2022-04-28,118.6866455078125,119.54608268941546,114.52957267721249,115.0620508361591,6551600
2022-04-29,116.49131774902344,119.99446492023108,116.07094293934698,117.91126406030212,5867900
2022-05-02,117.78048706054688,117.87390289823917,114.71640197034162,116.23910079352355,5428400
2022-05-03,114.77245330810547,117.48155544117455,112.30623806167381,116.79026254283512,8201200
2022-05-04,117.76178741455078,117.89257099920287,112.17543964963788,114.47350322917274,6924000
2022-05-05,110.82090759277344,116.53804722481492,108.84980257655269,115.9401772521119,8411600
2022-05-06,106.95343017578125,108.27061710072513,103.37555415984907,106.2528006524295,11237500
2022-05-09,103.88933563232422,106.89737259220247,103.3101460453906,105.5334814299118,7506000
2022-05-10,102.28255462646484,105.97254062399497,101.21759844671467,105.58952644201526,7526900
2022-05-11,100.8158950805664,103.83327540921248,100.50761644323802,103.41289350544542,6611800
2022-05-12,100.79723358154297,102.64689149643507,98.0881313845357,98.25628275199607,10245400
2022-05-13,105.57084655761719,105.66426239132993,101.51653380450894,103.00187193107507,9618800
2022-05-16,105.18782806396484,105.97253671477488,104.21628775338483,105.54281819556715,5722500
2022-05-17,108.27058410644531,109.39158815132552,105.62687446678508,107.89691371576194,6026100
2022-05-18,102.17047119140625,105.89781828436202,101.61930558997531,105.09442918883362,8188300
2022-05-19,99.43333435058594,101.92757349525655,99.28386331275316,101.77810245742378,7702000
2022-05-20,100.8906478881836,102.46940197379553,98.15352169279693,101.51654186363535,7621900
2022-05-23,101.47916412353516,101.59126739816992,98.85414147191858,100.39552764408366,7136400
2022-05-24,100.22737884521484,100.88129681262359,97.83589927620994,100.05922749257098,6023400
2022-05-25,101.07748413085938,101.72206557992223,96.64950749159334,96.64950749159334,7158800
2022-05-26,105.50545501708984,106.02858938888646,102.75898531081506,102.75898531081506,6520300
2022-05-27,108.35467529296875,108.3733627357388,106.5050175803189,106.70119296637745,5043000
2022-05-31,111.02641296386719,111.90453749551654,106.9160520658799,109.76528136931361,13774600
2022-06-01,110.86759185791016,112.80132863514002,109.86802757455308,111.94189165129798,5543100
2022-06-02,115.2862548828125,115.44506252930037,111.40943680097793,111.64297997305022,5838100
2022-06-03,113.26810455322266,114.75712266112357,112.37844472375787,112.57510614464496,5201500
2022-06-06,112.59384155273438,114.38252810907925,111.84464905222424,113.78317696660282,3963400
2022-06-07,113.9423599243164,114.22330885352011,110.93623781908025,111.12353948682541,5373600
2022-06-08,114.62601470947266,115.95582458669342,112.79986070119459,113.22128415456449,4365800
2022-06-09,111.0673828125,114.27953426143175,111.05801593975173,113.64272266632827,3892600
2022-06-10,107.44316101074219,109.65326384712343,107.00301095972068,109.65326384712343,6292600
2022-06-13,103.4256362915039,104.90528046056562,102.30184749893627,103.3788090791692,6423100
2022-06-14,103.68785095214844,104.78353912427974,103.02294598073125,103.36008190213002,4548400
2022-06-15,106.23509216308594,107.4337944317806,104.14672291899855,105.03638989439128,4828700
2022-06-16,100.31648254394531,102.91991506695673,99.00539941258488,102.55468573573302,7384800
2022-06-17,100.52249908447266,101.65565450590603,99.12713562251427,99.40808454672266,10256800
2022-06-21,101.77742004394531,102.84501478450738,101.17806886134309,101.57139173527024,6211400
2022-06-22,98.25621795654297,100.11046542879595,97.9659092621591,98.70573487688064,9884000
2022-06-23,101.1406021118164,101.23424938850964,97.77861700817313,98.34050781316182,8898400
2022-06-24,105.73876190185547,105.76685537168575,102.6483516135923,102.94802719983124,10463700
2022-06-27,103.48181915283203,106.01969820408759,102.86373426955049,105.11130462129277,12644700
2022-06-28,96.25213623046875,106.80634910684972,95.97119440711037,101.32789424099813,31296500
2022-06-29,96.6922836303711,98.90239354208016,95.08152483253272,96.44879500760209,10326600
2022-06-30,95.70896911621094,96.81402406863313,94.37915928299253,95.46548763902706,9027400
2022-07-01,94.75375366210938,95.98991619956921,93.2085487040774,95.18453681889385,7934300
2022-07-05,97.69432830810547,97.75051524449437,93.7517187036338,94.07012086960974,9948800
2022-07-06,97.61003875732422,99.00540232392434,96.87957292856854,98.22811643417474,6432900
2022-07-07,101.26234436035156,101.4028188498915,98.58399076715307,98.93986042663147,7633900
2022-07-08,101.0750503540039,101.71186185119691,99.74524042142802,99.810794230926,5938600
2022-07-11,98.43415069580078,100.28839098397395,98.2093958128041,99.82951434728065,4935200
2022-07-12,97.16990661621094,99.13652816038379,96.59864889528424,98.34051552879357,6017400
2022-07-13,98.43415069580078,99.1552425534617,95.10961893537696,95.46548857368634,5299400
2022-07-14,96.66419982910156,97.20736406311893,95.38120992699079,96.56118567627655,6951300
2022-07-15,98.05017852783203,98.91175193187382,97.32908673681875,98.10637260200909,7862000
2022-07-18,97.33847045898438,99.90444308603489,97.09498181493697,99.44556641230781,6834800
2022-07-19,102.2550277709961,102.62025716496532,98.73383430765158,98.89303539839109,8973900
2022-07-20,104.05306243896484,104.54003249451176,101.95533373496335,102.28310272858417,5884600
2022-07-21,104.53068542480469,104.57750548965993,103.07912766254022,103.36007663098788,4291400
2022-07-22,102.18946075439453,104.82098685415771,101.84295800330247,104.82098685415771,6039300
2022-07-25,102.33930206298828,102.64834449936176,100.84092423564134,102.64834449936176,5079500
2022-07-26,98.51844024658203,101.07505317809527,97.92845594461569,100.65363684023784,8459500
2022-07-27,101.00950622558594,101.49647640783957,99.03351773512378,99.54858853399497,7437000
2022-07-28,105.10194396972656,105.26114505226259,101.16869410259915,102.47977739164162,6773500
2022-07-29,107.62110137939453,107.89268350981018,104.41831704662495,105.59829285416161,7560000
2022-08-01,107.04048156738281,108.2110904771537,106.05716722524335,106.75953257110588,4802900
2022-08-02,104.671142578125,106.55348333595455,104.57749531269876,106.35682193511091,6334400
2022-08-03,107.02173614501953,107.7896552202372,105.42971105939209,106.21635673139745,5986500
2022-08-04,107.20904541015625,108.02378460730985,106.60032737153644,107.35887962952896,4332000
2022-08-05,106.6377944946289,107.04048425549605,105.42035833996172,105.62638665642817,4162200
2022-08-08,106.75951385498047,108.2391649722908,106.11333556372362,106.75951385498047,6071600
2022-08-09,103.11659240722656,104.65243063875027,101.90852322301045,104.24974091067824,7377600
2022-08-10,105.95415496826172,106.6003333843801,104.75545256634872,106.04780225375556,6951800
2022-08-11,106.85316467285156,109.33485663792437,106.50666905748174,107.58362338558972,5582100
2022-08-12,108.69804382324219,108.754230755873,106.54412090456478,107.12474540612158,4407900
2022-08-15,108.93217468261719,109.1756633191029,107.55553755935884,108.11742836716265,4279000
2022-08-16,110.56165313720703,110.94561623743175,108.45455738332771,108.57630526624229,6189800
2022-08-17,109.60643768310547,110.48673773616444,109.01645345414838,109.35358219581765,5108400
2022-08-18,108.64187622070312,109.26932089614738,107.97697120189697,108.63250934865516,4750200
2022-08-19,105.97286987304688,108.304720448002,105.85112199320156,108.16424597231897,5967600
2022-08-22,103.33197784423828,104.58687420869605,102.86373431843732,103.96878932512077,5802900
2022-08-23,103.650390625,105.66383928227539,103.54737647429084,103.80022484295824,4806700
2022-08-24,104.33402252197266,105.2892361404264,103.03229898850641,103.65038385237509,4769000
2022-08-25,106.02906799316406,106.14144186970483,104.31529492762348,104.7929053374099,5433700
2022-08-26,101.40281677246094,106.50667548898723,101.35599670679305,106.11334549736766,6203600
2022-08-29,101.0282211303711,101.64630601746843,99.67968462686375,100.02618026524023,4132400
2022-08-30,101.00950622558594,103.08850887582234,100.32586745115962,102.04900755070413,5129500
2022-08-31,99.68904876708984,101.14997349908295,99.08969759569815,101.10314628623097,8884800
2022-09-01,99.72649383544922,99.78268791123146,97.2073487850318,99.08032269499519,5590800
2022-09-02,99.3085708618164,101.57199080025987,98.66054362456194,100.92395639765377,7763800
2022-09-06,98.75447082519531,99.93783594546525,97.37387937910579,99.0268330366659,9158900
2022-09-07,101.88192749023438,101.95705620705755,98.6135882691311,98.68872415130637,7238300
2022-09-08,102.11669921875,102.17304753527368,99.62787920226327,100.49192016059548,5628300
2022-09-09,104.22047424316406,104.89668283874742,102.65205035167882,102.72717906702545,5171500
2022-09-12,105.5447006225586,106.46509716504482,104.60552369426098,104.60552369426098,4836900
2022-09-13,99.28978729248047,102.28576402547822,99.02681889560633,102.22001476090826,5955600
2022-09-14,100.49193572998047,100.83004001220667,98.75445976958852,99.67484918704189,4888700
2022-09-15,99.08317565917969,101.56260241998218,98.45392877515184,99.69364215555309,6598900
2022-09-16,97.78710174560547,98.8859370027202,96.97001526025416,97.74014003430267,8000800
2022-09-19,100.68916320800781,100.8394349642394,97.04515910361262,97.38326338978196,5162300
2022-09-20,96.19050598144531,98.08764752144208,95.52369117571634,97.50535520578283,10006600
2022-09-21,93.72047424316406,97.32691050508741,93.70168669045609,96.42530143960657,6279300
2022-09-22,92.5558853149414,94.11491522533645,91.8796768081287,93.72046265147937,9638800
2022-09-23,91.11894226074219,91.60731827514286,89.54112473753078,91.02502600115784,9026500
2022-09-26,90.21733856201172,91.78576956699325,89.88862805151322,90.2455127250042,8521600
2022-09-27,90.43333435058594,91.79513783569287,89.221795426531,91.16589110342142,9890300
2022-09-28,92.69677734375,93.38237978275866,90.87477863354351,91.20348918703289,9423300
2022-09-29,89.53172302246094,92.1426332913172,88.7334242026477,92.1426332913172,19339200
2022-09-30,78.06439971923828,80.95705961512864,77.48210736316403,78.23345187646292,48176100
2022-10-03,80.20570373535156,81.21062266962093,77.2191210913458,78.0737682915353,19108200
2022-10-04,83.24864196777344,83.65248833169605,81.81170242055035,82.36581336632604,15114800
2022-10-05,85.55902099609375,86.1225257480673,81.84927481069548,82.16859154285154,12732700
2022-10-06,84.68558502197266,87.00535326670875,84.34748074211265,84.98612136347582,9951900
2022-10-07,81.85868835449219,83.36137044441595,81.41727392315602,83.15475031354767,8554700
2022-10-10,81.41724395751953,82.44094329141707,79.89577487093749,82.42216290704727,7991200
2022-10-11,82.63819885253906,82.88238692797424,80.53444395551037,80.80680620015858,11903200
2022-10-12,83.12655639648438,83.47404729280106,81.99953972275948,82.64757413101749,8772900
2022-10-13,84.11270141601562,84.34749569836525,80.81619485088099,81.13551163550711,9335000
2022-10-14,82.2249526977539,85.35240679451083,82.1685972029284,85.00491587562237,7811700
2022-10-17,84.49774932861328,85.17395786298938,83.30499061788007,84.08450918752759,8451900
2022-10-18,84.22538757324219,87.25893221725246,83.72762494559144,86.96778249580758,7364700
2022-10-19,83.18289947509766,84.28173475124945,82.42216846320045,82.89175692295947,5102000
2022-10-20,81.54874420166016,85.07065810592606,81.34212410615353,84.02817101703518,13500000
2022-10-21,83.1171646118164,83.38013302571387,81.43603691971259,81.72717949719166,7976300
2022-10-24,82.65696716308594,83.43647860277414,80.99461991304425,82.45034708316196,8847100
2022-10-25,86.14131164550781,86.33853794664252,82.54426218038769,82.67574638114417,8639900
2022-10-26,86.77056884765625,88.61135504339286,85.18335730784128,85.25849319305969,8648200
2022-10-27,85.03308868408203,87.79427142986927,84.73255232276418,87.23075948271526,8617900
2022-10-28,88.12298583984375,88.16994039394159,84.9579565472727,85.6529455699511,6022400
2022-10-31,87.04293060302734,88.17933399095006,87.04293060302734,87.3434669769792,6426400
2022-11-01,88.06663513183594,90.593023870153,87.31529773724709,89.86986064262524,7250700
2022-11-02,84.80769348144531,88.69588603277259,84.70438342906226,87.46555918130689,7176600
2022-11-03,84.90159606933594,86.03799929699245,83.32377853726915,84.49774970204052,6550300
2022-11-04,89.9637680053711,92.2553622372658,88.23567855490977,88.70526706699624,12543300
2022-11-07,87.75669860839844,90.9780759108742,87.0335283269346,90.4521319338046,9094500
2022-11-08,88.04784393310547,90.1891663511023,87.28711285443605,88.69587835736573,7017800
2022-11-09,86.49819946289062,88.18872091331723,86.36671525734099,87.03353006130041,6550900
2022-11-10,93.43870544433594,93.61715134379784,90.37699398574796,90.47091024033547,9361000
2022-11-11,99.63728332519531,100.68916413241836,94.04918310669886,94.20884147514693,12597500
2022-11-14,98.0406723022461,99.96598774042131,97.97493020835162,98.80140326950371,7134900
2022-11-15,100.21955871582031,102.66141704187983,99.11132976929362,101.42170391232035,7242900
2022-11-16,98.82959747314453,100.11626535922792,98.39756975370949,98.84837786012565,5998700
2022-11-17,98.95169067382812,98.98925861419451,96.6600964689426,97.77771940744857,5252900
2022-11-18,99.00804901123047,101.16815922589274,97.8340776261646,101.0836295601846,5498900
2022-11-21,97.51473999023438,99.06438332012063,97.29872614883278,98.24729683136395,4774800
2022-11-22,99.52458190917969,99.70302782146479,97.5241304324932,98.25669446776025,5313200
2022-11-23,100.16322326660156,100.47315338014495,98.82959371574101,99.55275681532409,3873100
2022-11-25,99.51518249511719,100.66097944841603,99.13951030570512,99.97537716533768,3426100
2022-11-28,98.57601928710938,99.8345202215234,98.28487670344471,98.84838148310459,6967400
2022-11-29,99.78756713867188,100.32289780047229,98.72629959239461,98.96109386801501,8494400
2022-11-30,103.01832580566406,103.01832580566406,99.03621022912455,100.56707330091727,16251000
2022-12-01,104.3519515991211,105.05633431237301,102.8868378484696,103.39398709650166,7822900
2022-12-02,105.69910430908203,106.17955680873892,102.06275298783484,102.35479640666529,5892000
2022-12-05,103.26859283447266,104.6910978883105,102.8635068527057,104.58747074036926,6220100
2022-12-06,101.676513671875,104.12586769442058,100.56488282945139,103.29685766462931,7086100
2022-12-07,102.0533218383789,102.79754981144457,100.8569020787291,101.10183959593488,5751500
2022-12-08,104.90777587890625,105.03024106076417,102.17580112623091,102.30768891818425,6192800
2022-12-09,103.0801773071289,104.92661357591138,102.92945148281278,103.8338279907463,5677700
2022-12-12,105.57662963867188,105.67083417062034,103.35336818543182,103.72077089117238,6426000
2022-12-13,106.31143188476562,109.70284524534755,104.8041378564342,108.91151857572788,8655300
2022-12-14,104.9925537109375,107.50785864469086,103.84324688123922,107.11218809692423,7528500
2022-12-15,102.222900390625,103.26858723600029,101.48809497221968,102.86350127619414,7500700
2022-12-16,99.81121063232422,101.37503300081535,99.02930663542293,100.67791091704358,14083600
2022-12-19,97.07925415039062,99.39672013058377,96.51401258522809,98.90684506575559,10620300
2022-12-20,97.22998809814453,97.40898175457725,95.78863779855334,97.03215640872473,17147900
2022-12-21,109.07166290283203,112.27466708498523,108.65715436533439,109.99488450343736,32777300
2022-12-22,109.9477767944336,110.05140392706197,107.45131737743574,107.66799425129813,17147600
2022-12-23,109.51445007324219,110.38114335100938,109.07168082404601,109.38256227824917,6603700
2022-12-27,110.74853515625,111.35145278449451,109.1093533036693,109.72169354129592,6661100
2022-12-28,108.31803131103516,111.38914086709488,108.29918609145335,110.76738518045744,5437800
2022-12-29,110.55069732666016,111.22898141749744,109.09050919693316,109.35428474618219,4588600
2022-12-30,110.23041534423828,110.45650767585148,109.06225605832124,109.80648413669971,4355500
2023-01-03,111.86958312988281,112.56670525650935,110.63548729172663,111.6811740753388,8124800
2023-01-04,114.18707275390625,115.14797781907023,112.60441192952987,113.00949794967818,8550700
2023-01-05,113.6312484741211,115.25158519023364,113.1225353518253,113.31094442496652,6046700
2023-01-06,117.31468963623047,118.09660088783382,114.71460293277632,114.93127981945787,10080700
2023-01-09,117.61616516113281,119.2741924296052,117.33355153217407,117.75747556928513,9397900
2023-01-10,118.54878997802734,119.01040440895288,117.16396824728626,117.95529495056688,5899900
2023-01-11,120.52711486816406,120.82856648369462,118.70893944188137,119.00097563572614,6989200
2023-01-12,120.48001861572266,121.01699956310495,119.13287291073947,120.91337241754121,8366400
2023-01-13,121.3843994140625,121.74237232916352,119.32128634869048,119.32128634869048,4856500
2023-01-17,120.71551513671875,121.57279281247241,120.42347896413396,120.58362736927116,6172200
2023-01-18,119.10460662841797,121.13945181685789,118.6995206751281,120.39523098828222,6828800
2023-01-19,117.31468963623047,118.17196738644869,116.44799646419405,117.55962716305638,5273500
2023-01-20,119.28359985351562,119.30243788477614,116.85308414224367,117.45600176541028,5673200
2023-01-23,120.8568344116211,121.29018820502323,119.20823709909222,119.5473791711968,5581600
2023-01-24,119.4814453125,120.59306896877268,113.47109923117877,119.4626000917198,5486200
2023-01-25,119.47200775146484,119.6510013897483,117.59731100980119,118.56763132552642,5933700
2023-01-26,120.140869140625,121.51628259027703,118.70894159779752,121.0169921127605,5838800
2023-01-27,120.140869140625,121.13003467380126,119.35895788581671,119.70752255283057,5730000
2023-01-30,119.04808044433594,120.16912653937169,118.8973474505543,119.17054561127496,6494600
2023-01-31,119.95246887207031,120.44233677628793,118.70895029806894,119.09519105550767,7686900
2023-02-01,121.99671936035156,122.67500342877806,118.90676499293707,120.48942542348406,6387900
2023-02-02,121.58220672607422,123.70184077464508,120.45173810844076,122.8916689633149,5214500
2023-02-03,120.21623992919922,121.9213657009604,119.11403179565232,119.44375125602808,4930200
2023-02-06,118.44518280029297,118.79374032928689,117.1168750213334,118.24734391578525,4666400
2023-02-07,118.068359375,118.63359383149091,116.10887321764184,116.7777348296798,5288900
2023-02-08,115.78855895996094,116.90960509410196,114.74287213799474,116.23132097311361,5877800
2023-02-09,115.10086059570312,117.77630683701409,114.46025967791316,117.48427061432966,5929000
2023-02-10,115.14795684814453,115.53419757616854,113.55587370283006,114.46967273446393,5195500
2023-02-13,117.89877319335938,118.43574693623597,115.36463029394153,115.70377236179466,5689800
2023-02-14,118.88793182373047,119.03866482636444,116.57046581332183,116.76829748877006,4845900
2023-02-15,120.09378051757812,120.11261855021279,117.66326462901088,117.66326462901088,5687900
2023-02-16,117.17339324951172,119.8394241609885,116.91904027047434,118.16255889683147,4722200
2023-02-17,117.60673522949219,117.6538410917259,116.28785733509442,116.54221030405814,5161500
2023-02-21,114.08342742919922,116.81540197743072,113.97038486589611,116.13711784823172,5110300
2023-02-22,112.95296478271484,114.36605439921082,112.70802723673214,114.08343360097344,5022000
2023-02-23,113.00947570800781,113.76312630932446,111.68117532768461,113.76312630932446,4101900
2023-02-24,111.20072174072266,111.86016061955272,110.54127567454788,111.13477785283965,4693000
2023-02-27,111.6623306274414,112.87758845434418,111.46449896083094,112.35003734338291,4239800
2023-02-28,111.90727233886719,113.42398902697022,111.02173392318477,111.8601664790498,8414100
2023-03-01,111.70944213867188,112.84933352530993,111.0028973561598,111.11593992146081,4120500
2023-03-02,112.65150451660156,113.00948462744141,110.73912440995342,110.73912440995342,4443200
2023-03-03,114.257568359375,114.35204150524963,112.44365080252284,113.49231929976085,3871800
2023-03-06,113.53012084960938,115.24955821707238,113.33172506196053,114.43707611079253,5183800
2023-03-07,112.98217010498047,114.33315716641543,112.64206817792488,113.55846573867342,5345700
2023-03-08,113.23724365234375,113.40729820190901,112.16968338486349,112.67983982572014,4175200
2023-03-09,111.35719299316406,115.12672681690854,111.05487461746243,113.44508040157828,5635900
2023-03-10,110.9981918334961,112.41531065873684,110.19515927409414,112.26415506545415,5979600
2023-03-13,110.40299987792969,111.75398672281403,109.39212211342453,109.420463335483,6038200
2023-03-14,112.42475128173828,112.88767470999771,110.7525543710975,112.42475128173828,6050800
2023-03-15,111.640625,112.07520726356688,109.41102402494244,109.89284646822202,6599200
2023-03-16,113.98358917236328,114.13474476151814,110.16681504233838,110.40300150676191,5658700
2023-03-17,113.73794555664062,115.00390866860545,112.11298163779782,114.47484612266507,12868900
2023-03-20,114.5031967163086,115.90142377725591,113.19000053185299,114.30480094827995,7594100
2023-03-21,118.6695327758789,119.09466554666939,116.17540418280599,116.67611835528696,15078800
2023-03-22,112.89713287353516,118.33887117082267,112.73652780351276,116.82727920153144,17625500
2023-03-23,114.28590393066406,116.45881500968115,112.86878518910736,113.81353101681182,7628100
2023-03-24,114.04027557373047,114.31425274690756,112.72707936260386,113.58680158269463,6158800
2023-03-27,111.30052185058594,114.38039577059018,111.11157553729187,114.33315558834674,6564200
2023-03-28,111.35719299316406,111.89569782512756,110.39354821522603,111.4327671812105,4461400
2023-03-29,113.83243560791016,113.90801701253716,111.94294373927201,112.08465707098776,5644000
2023-03-30,113.4639892578125,114.7299526023685,112.74598030430073,114.34260329592145,4578900
2023-03-31,115.86363983154297,115.92977175807424,113.93635727683815,114.23867568495817,5659400
2023-04-03,114.9472427368164,116.06204329200519,114.1442100878387,115.73138363746612,4838400
2023-04-04,116.85562133789062,117.10125007943054,114.65436168624419,114.67325343257836,5895300
2023-04-05,114.21977996826172,116.5155127778314,113.8985626163882,116.20374490308807,4331400
2023-04-06,113.57735443115234,113.83243265535297,111.33830403006986,112.90658570012477,4256900
2023-04-10,115.17398071289062,115.17398071289062,112.54758095177034,112.70819323912079,3731200
2023-04-11,116.48716735839844,117.22406797554734,115.29678555724466,115.29678555724466,4471000
2023-04-12,116.82726287841797,117.9609548950271,116.41157244200352,117.86648176161601,4524900
2023-04-13,119.4442138671875,119.67095084495038,117.58306345544736,117.75311799072917,5355300
2023-04-14,118.9907455444336,120.44565512377254,118.55616328689173,119.98273164193176,4828700
2023-04-17,119.21748352050781,119.49146068746973,118.21604799799624,119.06632072169892,3917900
2023-04-18,119.23637390136719,120.2472516813521,118.11212402357353,120.20001871314429,3857700
2023-04-19,118.72621154785156,119.1135608136449,118.017652146576,119.03797941429416,3547400
2023-04-20,117.57361602783203,118.42388871905723,116.87450612964184,117.90428283563644,3891600
2023-04-21,118.59394836425781,118.73566168687098,116.78948749368956,117.5263881218713,3651400
2023-04-24,120.06775665283203,120.10554735493149,118.23495445196413,118.57506356301991,3790900
2023-04-25,117.77202606201172,119.7654332579355,117.19573049270554,119.53869626261738,4383300
2023-04-26,116.99732208251953,118.07433897792858,116.47771619203986,117.34688064028275,4003200
2023-04-27,118.75456237792969,119.04743852214786,116.33601506575634,117.56418767712911,4252100
2023-04-28,119.71820068359375,120.04886030449134,118.05544589414407,118.23494992027669,4421400
2023-05-01,120.85188293457031,121.56988456438388,119.85045467709867,119.90713711949486,4112600
2023-05-02,120.2283706665039,120.53068907980482,118.25384789850777,120.12444803619677,3831600
2023-05-03,119.73709869384766,121.28648867023716,116.83672893966502,118.55616626612118,4560100
2023-05-04,116.83673095703125,118.27274885033184,116.03369833387956,118.03656236070842,6177100
2023-05-05,119.59538269042969,120.01107320221583,118.30108539155997,118.97185413058983,4887800
2023-05-08,119.8693618774414,120.63461098765099,119.0190963005144,120.22836994647587,3892600
2023-05-09,118.18771362304688,118.71677624169328,117.30909962561985,118.34831870020766,4082100
2023-05-10,116.6855697631836,119.47256732412298,115.41960649135778,119.31196224875262,5052600
2023-05-11,115.46685028076172,117.01623305030631,115.16453186738326,116.6288837540004,5923100
2023-05-12,113.5678939819336,114.50319032409487,112.45309362774107,114.30479456714178,6574200
2023-05-15,113.20890045166016,113.36005604427888,111.48946323956784,113.19945097467179,5518200
2023-05-16,110.04400634765625,111.32885414913336,109.70389724472902,111.0076440007239,8306400
2023-05-17,110.51637268066406,110.65807879186251,108.88195918906673,109.949519404515,7765400
2023-05-18,112.30195617675781,112.56648389540504,110.3935652787918,110.94151967189806,5970500
2023-05-19,108.41902923583984,109.10868962842281,106.85074775950987,108.23007575251421,11674300
2023-05-22,104.09210968017578,106.61457965183966,103.94094686751116,106.61457965183966,12710300
2023-05-23,102.76945495605469,104.92347439417041,102.21205835050677,103.70475135253356,11790400
2023-05-24,102.3065414428711,103.07178336822243,101.2767645926618,102.97731021326443,8503200
2023-05-25,101.54129028320312,102.94895962522882,101.48460062911202,102.3632145852143,6729800
2023-05-26,101.56963348388672,102.45768972642874,101.08781105784594,101.08781105784594,7911200
2023-05-30,100.63431549072266,102.86391606775081,100.3981290500022,102.41044213795689,9335200
2023-05-31,99.4439697265625,100.30368487089119,99.03772864293636,99.85965308089979,21465200
2023-06-01,97.90401458740234,98.82041925958703,97.21435411985497,98.42362771323052,12025200
2023-06-02,102.1598892211914,102.7665163086717,100.59592582345788,102.0177094156583,11838200
2023-06-05,99.71442413330078,102.254677886722,99.69547019978549,102.254677886722,7434000
2023-06-06,100.65279388427734,101.18359073468646,99.71441158314943,99.98929058970121,7896300
2023-06-07,101.50586700439453,102.59590254396447,99.92294966541459,100.51062282340355,11123900
2023-06-08,100.66226196289062,101.91343106731244,100.15989965126461,101.57220970389226,9137600
2023-06-09,100.34000396728516,100.73810162168952,99.85659554032843,100.38739964443259,5795200
2023-06-12,101.25942993164062,101.27838386445674,99.14570846015883,100.74758696682129,7964600
2023-06-13,101.21202850341797,101.87553181934072,100.74758124436751,101.55325712724911,8460500
2023-06-14,106.97498321533203,107.48682610530543,101.8755227087712,101.8755227087712,17415500
2023-06-15,106.5484619140625,106.93707898775234,104.41578660495699,105.99870387658413,10374200
2023-06-16,107.66691589355469,108.77591245967929,107.16455357438971,108.05554016706084,14445500
2023-06-20,103.82810974121094,106.93707514527823,103.27835172348654,105.60060242667488,10602400
2023-06-21,104.24517059326172,104.60535314734808,103.04138983316125,103.43948748213538,8377800
2023-06-22,104.70014190673828,105.44894879292079,104.05559972822456,105.04137054427879,6002900
2023-06-23,103.80915069580078,104.53900361769975,101.70491716468648,102.13144932725554,14329200
2023-06-26,105.91338348388672,106.35887677615361,103.95132266698266,103.95132266698266,6887100
2023-06-27,107.68588256835938,108.22616000759079,106.56741259554775,106.66219671563725,7138600
2023-06-28,107.1361312866211,107.81858856469644,106.27358633851748,107.42996424685037,6766000
2023-06-29,107.45840454101562,108.31146889551727,106.73803217594083,107.67640730483176,12465500
2023-06-30,104.61482238769531,106.39678826484815,104.07454499935463,105.7712001143673,19629600
2023-07-03,103.42052459716797,105.49633066528585,103.42052459716797,105.26884011565355,5734200
2023-07-05,101.51535034179688,103.23097418303809,100.98455343086198,102.95609514514237,10405300
2023-07-06,99.61962890625,100.55800398939509,98.26419501656719,99.79972379663036,9923500
2023-07-07,99.01299285888672,99.97032901797647,98.60541467088329,99.3352675159789,7463100
2023-07-10,100.26416778564453,100.76653011450485,98.81394982299055,99.0319598006515,5374600
2023-07-11,101.79022216796875,102.00823215898014,100.11252077530392,100.14095528900866,5454900
2023-07-12,102.14093017578125,103.40157273510698,101.62908724042191,102.87077586802246,8305000
2023-07-13,102.21674346923828,103.43947804949913,102.0650903350814,103.38260902813582,6692300
2023-07-14,102.32101440429688,102.97503711612687,101.60064931787237,102.31154105453464,6933600
2023-07-17,103.0413818359375,103.41104494294683,101.19306630089086,101.66699410285814,6682900
2023-07-18,103.99871826171875,104.58638410931863,102.66223838592346,102.91816344925482,5717200
2023-07-19,104.150390625,104.50109986737435,102.91818244849647,103.39211033905144,5027100
2023-07-20,101.92291259765625,104.28307104198235,101.8755241560896,103.85653891006038,6458000
2023-07-21,103.37313842773438,103.59114841661564,101.90396645867918,102.36841371830367,6631600
2023-07-24,103.0982437133789,104.78543264597451,102.85180648016033,104.65273344914486,6787600
2023-07-25,102.65277099609375,103.17408727079206,101.7902188732884,102.63380983319429,7692800
2023-07-26,103.60063171386719,103.87550350524228,102.32102072359515,102.65277600644504,5148900
2023-07-27,102.05562591552734,104.48214153037108,101.7997080473019,104.10299778759249,6544600
2023-07-28,102.95608520507812,103.27835266087033,102.0177028875459,102.472676789825,5988300
2023-07-31,104.6337890625,105.06980181220356,103.36366590878507,103.70489453578176,6406000
2023-08-01,103.69541931152344,104.76649369342213,103.4489747945009,104.26413130871244,4566700
2023-08-02,101.90396118164062,102.86129016474177,101.84708492616714,102.6338068375416,6213200
2023-08-03,102.97504425048828,103.40157642941095,101.08881340336652,101.42056145714695,5084300
2023-08-04,103.13616943359375,104.5579528875184,102.59589201036496,103.04138531631169,5621400
2023-08-07,104.71910095214844,105.15511370650327,103.48688564911926,104.14090839643406,4887300
2023-08-08,103.97029113769531,104.15985937976457,101.75230510134746,103.91341487982261,5851900
2023-08-09,103.97029113769531,104.2830780139531,102.65277233008871,104.06507525872993,4328600
2023-08-10,103.34471130371094,106.11244835915991,102.86130284619362,104.55796550710964,7276500
2023-08-11,102.4537124633789,103.81862689650745,102.23570971626592,103.22148044779603,5104300
2023-08-14,102.0271987915039,102.65278709714292,101.48692126916383,102.29259726120557,5305200
2023-08-15,100.99403381347656,101.2499516860094,100.09356650527579,100.5390598681714,6197600
2023-08-16,100.97505950927734,102.72859098545298,100.5390467855274,100.5390467855274,5953100
2023-08-17,99.5722427368164,102.20728038763701,99.31631765184319,101.82813666681021,5692800
2023-08-18,99.34474182128906,99.5722323690371,98.34949779325729,98.41584739512608,5836100
2023-08-21,97.4964370727539,99.97982158954217,97.27842708167151,99.97034100778248,6697600
2023-08-22,96.16944122314453,97.03199340613057,95.47751059189876,95.69551335949909,9814700
2023-08-23,93.60074615478516,94.01780495808188,91.51546660143104,91.923044823317,20909100
2023-08-24,92.53913879394531,94.01779843413564,92.47278919180349,93.55334398757857,10310000
2023-08-25,93.6860580444336,93.92302197987365,92.70976778747098,93.3637905633865,7290600
2023-08-28,94.43486785888672,94.84244612966864,93.71450267967289,94.39695276025984,6006600
2023-08-29,96.4632797241211,96.83295013203376,94.52017971052716,94.81401268876044,8641600
2023-08-30,96.77606201171875,97.44903866650887,96.2168306401643,96.34004927332931,4822100
2023-08-31,96.4063949584961,97.52486488766641,96.31161084210495,97.26894705025389,7046200
2023-09-01,97.3479232788086,97.91854271098781,96.5490502691019,96.97702028510112,6359400
2023-09-05,95.4078140258789,96.96751056940079,95.32222437381951,96.53003541751733,6698700
2023-09-06,95.27467346191406,95.39830538278264,94.18098191145442,94.8752405583508,6096000
2023-09-07,93.13484954833984,93.92421026945932,92.85904855219614,93.44869281179514,9927100
2023-09-08,92.88756561279297,93.3250407427389,92.51666262749491,93.29651086014977,6435000
2023-09-11,92.0506591796875,93.56280102917313,91.850942742349,93.51525364265618,7584700
2023-09-12,91.58464813232422,92.41204371030393,91.47052135171839,92.24085716730481,6307700
2023-09-13,91.42298126220703,92.44058830314559,90.97600095929191,91.5846627077512,7140700
2023-09-14,92.43108367919922,92.89708874567728,91.20424779511498,91.98409611804212,7075300
2023-09-15,91.54661560058594,93.3440708651788,91.42297642783595,93.3440708651788,10467300
2023-09-18,90.83333587646484,91.65122638580235,90.61459467967097,91.29934089733212,6946300
2023-09-19,89.98692321777344,90.81431892203976,89.78720676309466,90.386356127131,9386600
2023-09-20,89.4353256225586,90.72873370687931,89.23560915810299,89.36875346774006,10274200
2023-09-21,87.10528564453125,88.91225346038496,87.00067847772004,88.84568130560291,7958600
2023-09-22,86.40151977539062,87.8090546290997,86.1162136570286,87.09577844946386,9289400
2023-09-25,86.16375732421875,86.40151604048636,85.39342140537414,85.59313785634052,8291700
2023-09-26,85.75482177734375,86.25886915212196,85.38391871832502,85.59314757332452,8060500
2023-09-27,85.04154205322266,86.25886560775895,84.84182558778974,86.12572129747034,7631000
2023-09-28,85.24126434326172,85.38392104426758,84.31876648917579,84.73721695475275,16315600
2023-09-29,90.93795013427734,94.59943266094652,89.98691533484018,94.50433063216674,34935400
2023-10-02,89.92985534667969,91.66073852680164,89.14050191583141,91.489551959281,12776300
2023-10-03,90.43391418457031,91.34691416482042,89.56847611221609,89.70162043103981,10964300
2023-10-04,91.19473266601562,91.54661817832154,90.46243901219222,90.89991417959351,8045400
2023-10-05,91.09962463378906,91.51808226889659,90.61459485271621,91.09962463378906,7430000
2023-10-06,92.35498809814453,92.92560751517757,90.40536389614374,91.09962247834399,8532900
2023-10-09,92.13626098632812,92.38353209863081,91.22326832838823,92.04115894492577,5964200
2023-10-10,92.84002685546875,94.01930806561109,92.46912383569962,92.48814134058665,8499000
2023-10-11,93.81959533691406,94.10490145646507,93.21093357488726,93.49623969443827,7642900
2023-10-12,94.39020538330078,95.15103613758478,93.69594677583014,94.66600635033323,10705200
2023-10-13,95.01790618896484,95.91187411601955,94.58042372292122,94.71356803664897,8774700
2023-10-16,97.0436019897461,97.55716170603732,94.72307451372365,94.83720131372851,10845400
2023-10-17,97.96610260009766,98.51769730244662,96.97702547863517,96.97702547863517,9253800
2023-10-18,98.6888656616211,98.81250481388365,97.89000001231898,97.92804227025987,8757300
2023-10-19,98.004150390625,99.2404914202941,97.81393905510784,98.68888943102515,8391100
2023-10-20,97.64273834228516,98.68887514077598,97.54763631620771,98.26091239551775,7823500
2023-10-23,97.77588653564453,98.67937395901902,96.7868094621273,97.12918257433786,5966100
2023-10-24,100.02983856201172,100.47682607004054,98.58426888736274,98.58426888736274,9252200
2023-10-25,98.47015380859375,99.89670614978404,98.42259916155923,99.34510416979356,7054700
2023-10-26,95.12250518798828,97.60470679698054,95.05593303684299,97.1767440047351,11222600
2023-10-27,93.1823959350586,95.42683146089117,93.02071449936349,94.89425427738716,9602700
2023-10-30,96.81535339355469,97.05311211283569,94.15245283527928,94.15245283527928,8206700
2023-10-31,97.73783874511719,97.89000778896944,96.43492577227431,96.43492577227431,6558500
2023-11-01,95.94038391113281,97.64273700106763,95.0749460531504,97.52861747367004,7272400
2023-11-02,99.93474578857422,100.38173333799207,96.9009422342175,97.05311129607048,8135100
2023-11-03,101.81779479980469,102.37890916784148,100.85725476813067,101.21864542061807,7568000
2023-11-06,101.99848175048828,102.33134247753107,101.16157374309216,101.72268078927577,5231900
2023-11-07,104.00518035888672,104.00518035888672,101.97947857332272,102.06506823409187,7745800
2023-11-08,104.0337142944336,105.27956777736216,103.5677091929736,104.01469678768503,8639700
2023-11-09,101.7607192993164,104.5187215539197,101.68463477713522,104.44263703173851,9154200
2023-11-10,100.91431427001953,102.5500954662541,100.43879681789647,102.08408313898275,8897700
2023-11-13,99.09783172607422,100.543408808865,99.07881422100975,100.21054805158433,7055600
2023-11-14,100.57192993164062,101.85582545832742,100.22004444413459,100.39123099808081,9674800
2023-11-15,102.54058837890625,103.71986968941825,101.49445138139622,101.58955342556607,11140800
2023-11-16,102.34085845947266,102.71176146206452,101.76072663371207,101.85582866538333,5386800
2023-11-17,100.77165222167969,102.9114806423842,100.35319456421281,102.76882396317322,6352600
2023-11-20,101.1140365600586,101.33277779321016,99.95377274903926,100.80970566338311,6197400
2023-11-21,101.33277893066406,101.47542837147184,100.19153261345488,100.97138099842837,5803500
2023-11-22,102.63568115234375,102.74029556822737,101.5895442493277,102.2362482494173,6280300
2023-11-24,102.36940002441406,102.71177318215356,102.14115367119464,102.23625571371767,2443600
2023-11-27,102.6737289428711,102.9210000533405,101.66563425100283,102.38842282077925,5785000
2023-11-28,103.4250259399414,104.51871732058507,102.85440655833314,103.25383939987702,7287400
2023-11-29,104.96571350097656,106.65855428425316,104.75648468401974,105.37465875525953,9601800
2023-11-30,104.87061309814453,105.18445635016019,103.62475972633855,105.1178841987466,8690900
2023-12-01,108.28678131103516,108.35357758721632,104.72747530245796,105.28093432238653,8051800
2023-12-04,109.88035583496094,110.04257432430073,107.82874550427249,107.90508618640233,10086600
2023-12-05,110.12846374511719,110.72963025998615,109.35552704857317,109.41278620254766,6960000
2023-12-06,110.79642486572266,111.77928751116457,110.28113616922676,110.69145824531154,6317000
2023-12-07,109.55590057373047,110.69144444556675,108.89748227716561,108.89748227716561,7294500
2023-12-08,110.60558319091797,110.96819052848447,109.23147996603687,109.26010590318047,6122200
2023-12-11,113.18202209472656,113.95495153660897,112.05602243259914,112.39954824682437,7972800
2023-12-12,114.16487884521484,114.49886023603639,113.1533902672272,114.2030491870585,7378400
2023-12-13,115.62487030029297,115.88251831098529,113.74502265584862,113.88815963065002,8182900
2023-12-14,115.48171997070312,116.97987126917424,114.33663886521177,115.8825049098484,9590500
2023-12-15,115.98748779296875,116.4741433269133,115.08095845043157,115.3958583466892,13633300
2023-12-18,115.59622955322266,116.26419230972961,115.32904445061988,115.85387753090964,6874800
2023-12-19,117.027587890625,117.69555066615723,116.07335119400851,116.16877340762052,7697300
2023-12-20,115.87295532226562,117.74325826038644,115.46263327643696,115.58668141857203,9176600
2023-12-21,116.92262268066406,117.65738902285275,115.74891560661993,116.70315231473634,16533300
2023-12-22,103.09574127197266,105.72943678970394,102.53273779321272,103.30567452573911,46666200
2023-12-26,103.07665252685547,103.71599669471966,102.56137107850041,103.34384493743613,12846700
2023-12-27,102.22737884521484,103.62056360530585,101.96019372413554,103.38200442144954,10157900
2023-12-28,103.84003448486328,104.39349350257055,101.92201673329048,102.30371285861439,9352900
2023-12-29,103.60147857666016,104.92786701170681,103.14344175580852,103.9736303084935,7667500
2024-01-02,101.6739273071289,102.91443069790552,101.57849780916655,102.68541591934267,9326600
2024-01-03,99.27879333496094,102.5613701174181,99.24062299094996,100.88191138217854,10573700
2024-01-04,97.61841583251953,98.87800796608923,97.61841583251953,97.77108991646075,10420600
2024-01-05,97.40849304199219,98.9352704463614,97.23673012898509,97.77110040045208,8044500
2024-01-08,98.87800598144531,98.94480225687542,97.0744992645846,97.40848064173511,9414200
2024-01-09,98.03828430175781,98.66808406827015,97.80926951404825,98.4486064065389,7759500
2024-01-10,99.02112579345703,99.07838493829912,97.68520041792978,97.9905558295142,6784700
2024-01-11,101.05367279052734,101.15863941493772,98.98298080033832,99.45055476709906,9537700
2024-01-12,100.2520980834961,101.45443827654951,99.92766112360343,101.1490828459603,6680900
2024-01-16,97.06495666503906,99.45054837513048,96.72143087636604,99.18336326843993,10547900
2024-01-17,96.20614624023438,96.67372019661114,95.65268719295256,96.42562389010422,8226200
2024-01-18,96.32066345214844,96.7882374385451,95.4904748279247,96.37791532959528,8852400
2024-01-19,97.12222290039062,97.50391908650622,95.10878261687384,96.3970008747959,8517200
2024-01-22,95.95803833007812,97.15083418155682,95.50954592508243,97.09358231036524,9897400
2024-01-23,97.23672485351562,97.46573963168383,96.59738798766142,96.97907685785893,8208000
2024-01-24,96.14889526367188,97.14130233970553,96.08209898356617,97.12221352810475,7879300
2024-01-25,96.1584243774414,97.0840350962488,95.50954316180051,96.8836462726278,10063700
2024-01-26,98.04782104492188,98.54402092621955,96.5878400569759,96.92182144633475,9735800
2024-01-29,99.1260986328125,99.25015405423287,96.70233671582119,98.17186200156779,8860800
2024-01-30,99.4123764038086,99.53642454980967,98.41042498990262,98.6108138166342,7542800
2024-01-31,96.8836441040039,99.52688365217968,96.49241087052435,99.3264875527964,11547600
2024-02-01,97.1031265258789,97.5707004602753,96.00575288861347,97.2367190785636,7666700
2024-02-02,96.10118103027344,96.76915111516105,94.87975917021998,96.26339952850742,8966900
2024-02-05,95.11831665039062,95.98666828086182,94.51715013698748,95.90079047048214,10097900
2024-02-06,97.91422271728516,97.93330424687443,94.59347598966725,94.94654616917552,11368600
2024-02-07,99.04022216796875,99.56504795409201,97.66611907074105,97.70428941013601,9447800
2024-02-08,99.02112579345703,100.15666964290249,98.33408157757756,99.65092542498898,6330400
2024-02-09,99.71773529052734,100.13760176879848,98.60128009721356,99.04977251168532,5449000
2024-02-12,102.27509307861328,102.51365226126724,99.86087531499503,99.94675312623117,7501900
2024-02-13,100.19485473632812,100.95824701784711,99.47917720249721,100.18531033074085,6180500
2024-02-14,101.46398162841797,101.5498594297639,99.6795565267824,100.02308229266141,5743300
2024-02-15,101.19681549072266,102.42777455535693,100.98688223001014,102.12241907075209,7201300
2024-02-16,98.77303314208984,99.90856975285189,96.99815247221245,99.8417734816306,14590100
2024-02-20,98.57266235351562,99.08794380844904,97.49437013201889,98.41043656781554,8759500
2024-02-21,100.4524917602539,100.69105092944636,98.21958143113152,98.62035908811531,8888100
2024-02-22,100.27119445800781,101.15863488264938,99.31695775539316,100.95824604873009,6705500
2024-02-23,100.7960205078125,101.74072008734963,100.37616130826652,100.44295758639304,6947300
2024-02-26,99.75590515136719,101.24451206861018,99.0116016927457,100.49066420455172,5831500
2024-02-27,100.3379898071289,100.43341202045737,99.23107174782373,100.0326343563289,5317400
2024-02-28,99.57459259033203,100.61471432057989,98.95433731415646,99.33603342874511,4219800
2024-02-29,99.17382049560547,100.7387681007658,98.93526132066947,100.17577194243599,10811600
2024-03-01,97.56497192382812,99.53772765358227,97.51709400754726,99.47069272578173,7349300
2024-03-04,95.3240966796875,97.45964345859117,94.81654539966806,97.34473059897026,11050900
2024-03-05,94.14616394042969,94.96973998011752,93.84929605621369,94.80694193433831,8670600
2024-03-06,93.49496459960938,95.86035109133691,92.94910674046135,95.76458796462393,10045300
2024-03-07,94.03125,94.23235475527896,93.54284856217501,93.83971644288327,8133900
2024-03-08,94.96017456054688,95.11339411111656,93.86845147129154,94.31854623040148,9043500
2024-03-11,96.7988510131836,97.45005052878754,95.22831229430203,95.66882853923138,8537400
2024-03-12,95.93697357177734,97.07657461413874,95.42942237665271,96.52113819800806,7040900
2024-03-13,97.0669937133789,97.6798865345854,96.08061955757027,96.34875925356577,7326400
2024-03-14,96.01358795166016,98.14913439446765,95.85078258238622,97.87141618365798,8350900
2024-03-15,95.41983795166016,96.87546382733757,95.1325412559648,96.05188775968657,15208500
2024-03-18,94.55796813964844,95.43900805102999,94.34728484141066,94.78780845023118,7207000
2024-03-19,95.72628784179688,95.80290127094408,94.2706692192939,94.32812563802491,6168900
2024-03-20,96.02316284179688,96.18596821732856,94.83568382731089,95.23789340066367,7771700
2024-03-21,96.54986572265625,97.60327482097992,95.53476333961365,96.18596288687428,17176000
2024-03-22,89.88465118408203,91.13916506476075,87.83528939608004,89.87507267864494,41837400
2024-03-25,89.77931213378906,91.47434233212098,88.84081584286318,90.0857585602887,14548800
2024-03-26,88.65885925292969,89.88464483699885,88.49606120328953,89.76972469864546,10816900
2024-03-27,90.14323425292969,90.16239126845207,88.40989696744897,89.31965793572365,11095700
2024-03-28,89.99957275390625,90.79441336754114,89.47286454042016,90.3730541030113,11331700
2024-04-01,88.63971710205078,89.94211633000955,87.80656970466836,89.8367746787585,10360000
2024-04-02,87.09789276123047,88.00766076125325,86.80102486655635,87.87359091809343,11107300
2024-04-03,86.50415802001953,87.56714557956543,86.45627280134289,87.1553575402255,8876600
2024-04-04,85.29752349853516,87.19366567259914,85.12514693725662,87.09789523368762,12110300
2024-04-05,85.07726287841797,86.42754717789681,85.03896346984132,85.37413809182794,9716700
2024-04-08,86.18814086914062,86.43713087740406,85.03896858005578,85.33583650504653,8452500
2024-04-09,87.14578247070312,87.29900933150202,86.06364516478165,86.18813650948661,7191900
2024-04-10,85.2304916381836,86.28390074774082,85.01022984953323,86.09237447555185,7932900
2024-04-11,88.10343170166016,88.49607006733498,86.98298763895646,87.36604749891116,15330200
2024-04-12,88.10343170166016,88.9365863490922,87.26070585476714,88.11301020738028,10905900
2024-04-15,89.1568374633789,89.94210685875687,88.62055806348923,89.62608193828238,11597300
2024-04-16,89.43455505371094,90.20067473936436,87.76825313961237,89.09938043108461,10388200
2024-04-17,90.82313537597656,91.04339715191848,89.69312020649765,90.60288090629318,10181200
2024-04-18,91.68502044677734,91.81909029416462,90.52626973363951,91.12959135314095,10062900
2024-04-19,90.52627563476562,92.14469972034463,90.4879689178352,91.37857999425465,11241900
2024-04-22,90.20068359375,91.03383097945428,89.87508013819445,90.62204288658843,8642000
2024-04-23,90.03787231445312,90.70822888785378,89.93253797783862,90.37305425428298,6582700
2024-04-24,90.6316146850586,91.15832289494868,90.11448498069169,90.11448498069169,6493200
2024-04-25,89.96126556396484,90.77526318448936,88.52479659612428,90.0187219846756,5317900
2024-04-26,90.1336441040039,91.37857951960962,89.9325393208582,90.58373158651527,6115700
2024-04-29,90.076171875,90.87101973308201,89.73141876321162,90.44008199647577,5030700
2024-04-30,88.35240936279297,89.54946669149773,88.34283085841106,88.97488063497106,6493300
2024-05-01,86.51373291015625,87.97893737283164,86.2743214190749,87.92147364671607,9783100
2024-05-02,88.49606323242188,88.5343626398261,87.05959434823048,87.46180388230201,7333300
2024-05-03,88.24708557128906,89.68355465609704,87.97894584445977,89.14726789617889,5736700
2024-05-06,89.40583038330078,89.4154088889718,88.56310454072903,88.8791221652815,6696300
2024-05-07,89.80803680419922,90.32516649845431,89.26217890019531,90.095333514205,7113500
2024-05-08,89.6260757446289,89.67396096184943,88.80250699725096,89.17598831154436,5372900
2024-05-09,89.43455505371094,89.99956996578857,89.07065222146791,89.67396654219529,6429800
2024-05-10,87.08832550048828,89.19514367934244,87.03086177492253,89.12810875473141,10548400
2024-05-13,88.79292297363281,88.84080088161915,87.28941930521367,87.40433212938719,8792100
2024-05-14,88.85997772216797,90.34432471367248,88.67802263493947,89.05150400937515,7811000
2024-05-15,87.78740692138672,88.69717500363839,87.00213749493513,88.38115007065858,15614400
2024-05-16,87.88316345214844,88.90784430115978,87.65333047556177,87.80655733079195,12711700
2024-05-17,88.27581024169922,88.38115188819214,87.47138378723136,88.11301217212262,12019600
2024-05-20,87.88316345214844,88.77377445596268,86.98298124957626,88.34283671158036,9701500
2024-05-21,88.88870239257812,88.91743060388849,87.57672472808417,87.69164487958486,7809700
2024-05-22,88.5822525024414,88.83124250117375,87.76825488664375,88.05554429478818,7611900
2024-05-23,87.52883911132812,88.65886159643505,87.28942762979072,88.53436295003009,7729000
2024-05-24,87.864013671875,88.29495141588212,87.61502368547205,87.8831633756328,6936800
2024-05-28,88.10343170166016,88.60140440521988,87.48096034251617,87.85444169675074,10835000
2024-05-29,87.78740692138672,88.79293814222827,87.50968870509469,87.79698542712346,7237300
2024-05-30,89.49201202392578,89.90380007890448,88.06512158952651,88.32369009018649,9300100
2024-05-31,91.02424621582031,91.04339591917145,89.0323409794135,89.53989214019077,12565600
2024-06-03,90.75505828857422,91.5722368883321,90.41857384571048,90.87042019194993,9668100
2024-06-04,91.08192443847656,91.43764074590854,89.80328358866979,90.64930264238706,7838400
2024-06-05,90.67814636230469,91.63953468562633,90.08208296131338,91.63953468562633,7463300
2024-06-06,92.02408599853516,93.06238708620853,90.36088107097632,91.19729150295937,9760100
2024-06-07,92.82205963134766,94.15838901669547,91.62032404489734,91.70684548641204,9397400
2024-06-10,92.29328155517578,93.24505396746645,91.90872474840035,92.0337099281187,7035100
2024-06-11,92.16830444335938,92.29328228926076,90.8704242933178,91.8318126504976,7301500
2024-06-12,90.06285095214844,92.7739655056571,89.88980077491128,92.62975580215777,9861300
2024-06-13,90.54354858398438,90.8800330153203,90.10131085496995,90.40895481145,8348200
2024-06-14,89.7840576171875,91.12038683984176,89.69753618620649,90.17823036226373,7426800
2024-06-17,91.3318862915039,91.44725552524599,88.45733739776034,88.45733739776034,6365400
2024-06-18,91.1203842163086,91.5818538393538,90.5723931647735,91.01463091383596,6712000
2024-06-20,91.8798828125,92.37980151900202,89.90903379332839,90.25513418044936,9393800
2024-06-21,93.42772674560547,93.45656722457284,91.73568107634172,92.25483170218895,15124400
2024-06-24,93.41810607910156,94.25451660087602,92.94702783191904,93.54309126138244,9466900
2024-06-25,91.091552734375,93.86996467954093,90.85120562953496,93.55270474079731,9006500
2024-06-26,90.42818450927734,90.83197318472976,89.55332493788742,90.45702498577874,10160400
2024-06-27,90.55317687988281,91.08193610563366,89.78406321630332,90.14938817235725,25772700
2024-06-28,72.45984649658203,75.99775610920315,71.67150830036375,74.151884802975,129967000
2024-07-01,73.86346435546875,74.08457955549632,71.42153720961934,72.58481616466385,44369000
2024-07-02,73.10397338867188,73.96922439873835,72.47906947391213,73.85385515245908,26183400
2024-07-03,72.33485412597656,72.98859846777691,72.12334752498076,72.58481713940894,15952000
2024-07-05,72.51751708984375,73.15202953035799,71.89261325091172,72.45022020471632,19603700
2024-07-08,70.22941589355469,72.57519827921008,70.1813435462427,72.49829279224545,29905000
2024-07-09,69.66220092773438,71.27733369473007,69.58528809720809,70.46977097863784,23445500
2024-07-10,69.73912048339844,69.83525786342146,68.90270987409302,69.46993288540918,21378200
2024-07-11,70.55628967285156,70.90239006197285,69.49876396600806,69.89292937123395,15876700
2024-07-12,70.58512115478516,71.1908004259709,70.34477410045683,70.72933085434414,14527500
2024-07-15,68.55659484863281,70.19095930046298,68.48929796345695,70.18134336406347,20775800
2024-07-16,69.9986801147461,70.14288982740639,68.74887971958181,68.74887971958181,20980700
2024-07-17,70.24864196777344,70.50821357842744,69.70065093656117,69.72949141165489,11161600
2024-07-18,69.58528900146484,71.07544393932824,69.55644852334552,70.15251196545314,14440100
2024-07-19,69.89292907714844,70.00829831797374,69.07575045869918,69.5083796106859,11913300
2024-07-22,71.96952819824219,72.43099047137208,70.24864227365524,70.2967146222278,19385500
2024-07-23,70.56590270996094,72.14257893568995,70.4120770612017,71.74840621185238,11041800
2024-07-24,68.34510040283203,70.55629673982529,68.33549179953526,70.42170294555387,18563300
2024-07-25,68.65274810791016,69.63336103349818,68.17205391530968,68.76811001985504,13855400
2024-07-26,69.75833892822266,69.96984554667365,69.09498592967603,69.21996377930104,8892000
2024-07-29,70.71012878417969,71.01777281807587,69.41224841058076,69.70066790133882,10471800
2024-07-30,71.45038604736328,71.61382031604417,70.62359143133926,70.84471399205745,8515700
2024-07-31,71.96952819824219,72.51751923184057,71.06582085571448,71.62342782598948,14632900
2024-08-01,70.99853515625,71.90224264118014,70.4313194947295,71.81571386707682,9563500
2024-08-02,71.15234375,71.26770564136613,69.14303856925689,70.01790536443656,11526600
2024-08-05,68.66234588623047,69.81601616748482,68.01821753004594,68.31624553533517,13191500
2024-08-06,69.70063781738281,70.41206296342746,68.74886564438167,68.89307532751741,13469700
2024-08-07,69.81602478027344,71.34462873962732,69.72949601447,70.06598047079216,9571200
2024-08-08,71.32540130615234,71.34462584510035,70.22941921584764,70.40246940562264,8828000
2024-08-09,71.4696044921875,71.70034297103304,70.53706397906069,71.25810522212865,7186600
2024-08-12,71.75801849365234,72.1041188509216,71.19080294606736,71.82531537785412,7067300
2024-08-13,75.468994140625,75.99776072776432,72.1714314280944,72.34448164435709,22114800
2024-08-14,75.48821258544922,76.03620367021873,74.43068683139717,74.98829385374124,13613000
2024-08-15,79.31453704833984,79.85291216480123,77.55519464800389,78.92998025023421,23583600
2024-08-16,80.016357421875,80.69894228575792,79.25685972788412,79.67986562385549,13794200
2024-08-19,80.06441497802734,80.74699977829718,79.71831460960736,80.01634996479766,9627300
2024-08-20,80.33360290527344,80.66047873691704,79.57410527845417,80.26630601858365,7863100
2024-08-21,80.75662994384766,80.98736111851134,80.00674812508181,80.43936999442771,6915900
2024-08-22,80.18939971923828,81.41035960392422,79.99711766291853,81.18923707285911,8485500
2024-08-23,80.80469512939453,80.98735393133794,80.0067410249323,80.12210293462051,9219700
2024-08-26,81.02580261230469,81.24692514278634,80.16055169817497,80.24708045699317,7853300
2024-08-27,81.99681854248047,82.09295591672148,80.3816857168724,80.82392350623024,14954000
2024-08-28,79.59333801269531,82.1314025307522,78.71847114145365,81.76607761831438,11088600
2024-08-29,80.04520416259766,80.65087624376342,79.66064731677943,80.2278629798822,7477200
2024-08-30,80.10287475585938,80.64124986944461,78.88191481331836,80.37206231265199,13755300
2024-09-03,78.52882385253906,80.0932226573151,78.2294664525774,79.87111378901808,10133700
2024-09-04,78.23912811279297,78.30672519151584,76.93546595597807,77.35070725885545,12837400
2024-09-05,78.05564880371094,78.45157241642339,77.45692660219851,78.34534739087233,7596300
2024-09-06,77.86251068115234,79.06960657184847,77.592122380441,78.10392985929157,8512200
2024-09-09,76.76163482666016,78.77990285577702,76.3077656224676,77.97838946826795,8003300
2024-09-10,75.40968322753906,76.82922902848478,74.88822433956477,76.82922902848478,9748400
2024-09-11,75.70904541015625,75.89251895059414,74.1060187495741,75.32277330432088,8265500
2024-09-12,75.70904541015625,76.35604695110212,74.86890413252888,75.54488215962269,7176900
2024-09-13,76.2981185913086,76.76163928429568,75.42900808254709,75.61248901426578,5814200
2024-09-16,77.06098937988281,77.24446290909022,75.98908785137678,76.60712023587233,9547700
2024-09-17,77.87216186523438,78.20049574638084,77.11893528220084,77.26378824836758,7580600
2024-09-18,78.12323760986328,78.95372006672245,77.47623606272556,77.89147729115514,7637000
2024-09-19,78.20050048828125,80.26704798615556,77.7080033204616,79.764891988665,15067100
2024-09-20,83.55034637451172,84.97955115843436,81.89904007133194,84.85401583744245,52039300
2024-09-23,83.24132537841797,83.56000044531838,82.13080311032637,82.46878846876852,17712400
2024-09-24,84.45807647705078,85.24993101239936,83.68553959995808,84.43876618632284,21123300
2024-09-25,84.97954559326172,85.07611178520297,84.24562927295747,84.83469262158575,12392800
2024-09-26,86.32183837890625,87.50962394449189,85.99351184205415,86.83364584372183,13592800
2024-09-27,86.3701171875,87.16197170228581,86.14800832849268,86.37976864884938,9181000
2024-09-30,85.36582946777344,86.66949165707598,84.71882778851258,86.62120487070104,12027100
2024-10-01,86.07076263427734,86.56325981999653,84.69950347230409,84.97955060271191,20623400
2024-10-02,80.24772644042969,82.3046223765463,78.96337475494819,80.04493523233177,33208800
2024-10-03,79.28205871582031,80.90439593035177,79.16618222247945,79.5717646842301,18143800
2024-10-04,79.42691040039062,80.6726342561233,79.28205741855591,79.7938649025137,10322600
2024-10-07,78.05564880371094,79.63935798961766,77.34104274681687,79.32068291296451,12767400
2024-10-08,77.99769592285156,78.6253871878263,77.18653111336626,77.97838563251858,10569600
2024-10-09,79.62003326416016,80.08356127702294,78.28740219941236,78.3549992671707,11750600
2024-10-10,79.28205871582031,80.58572083860676,79.21446163886186,80.53744142222433,8370200
2024-10-11,79.33033752441406,79.4462140061055,78.39363000392507,79.22411250451151,10171100
2024-10-14,78.7992172241211,79.22411732960958,78.02668028485756,79.18548937751713,8177700
2024-10-15,79.3013687133789,79.8807732266809,78.26809499827311,78.26809499827311,11804400
2024-10-16,81.05889892578125,81.20374452669839,79.23377067894516,79.32067803949543,11220600
2024-10-17,80.53742980957031,81.85075057327767,80.51811215177969,81.22305931058216,9204500
2024-10-18,80.07391357421875,81.06855943837962,79.79386643529976,80.9043961606602,7214800
2024-10-21,78.68334197998047,80.23807471300545,78.64471402727699,80.00631436431327,7550200
2024-10-22,78.6253890991211,79.59106572485591,78.4419155501505,78.55779203002078,7308800
2024-10-23,77.30241394042969,78.25843170117571,77.05133596423913,78.21980375349041,7253100
2024-10-24,76.32707977294922,78.02667266131714,76.31742094398768,77.73696673269349,7424500
2024-10-25,76.14360046386719,76.84854764234908,75.82492540917559,76.5009034676906,9385400
2024-10-28,76.2015609741211,76.90650092294062,76.11464622969451,76.59748463697944,6617200
2024-10-29,75.70904541015625,76.74231905693749,75.51590567347475,76.1725660431366,7241100
2024-10-30,73.82597351074219,75.42900021157503,73.79700439139448,75.32277519561488,15691300
2024-10-31,74.48262786865234,74.68541905520125,72.6188718770051,73.58454840392021,13990100
2024-11-01,75.38072204589844,75.44831912127474,74.31847913247285,74.40539386797303,9623700
2024-11-04,74.54058837890625,75.85390930758778,74.46333247309471,75.31312533443565,6593800
2024-11-05,75.303466796875,75.32277708774929,74.35710045841917,74.5985196157517,5629200
2024-11-06,72.7347640991211,74.30881436717651,72.5416317184801,74.23156583543695,16193700
2024-11-07,73.31417083740234,73.74872975834771,72.62854128749649,73.1017207917217,11831100
2024-11-08,73.27555084228516,73.9322113422621,72.66717712794308,72.90859632105918,8140800
2024-11-11,73.97084045410156,74.74338483116658,73.48800206031822,73.53628884670825,9877200
2024-11-12,74.02877807617188,74.77234588058009,73.52662207505367,73.8356383190001,9013900
2024-11-13,73.89358520507812,74.63716046398429,73.84530578578466,74.27020593373103,6835300
2024-11-14,73.08240509033203,74.33778761232094,73.0727462614629,74.0480816864688,6991600
2024-11-15,74.02877807617188,74.98479592970483,73.01481461172317,73.39142792879763,13584900
2024-11-18,72.31951904296875,73.58455301488861,71.70148661641801,73.54593243481591,12595100
2024-11-19,71.3731689453125,72.16502355029066,71.07380415624601,71.9429146659851,12028400
2024-11-20,70.842041015625,71.30556169085314,70.21434970737228,71.13174696328882,12290300
2024-11-21,72.5223159790039,72.96652636025543,70.68752884424967,70.84204064687364,12818600
2024-11-22,74.74337768554688,74.83994388156577,73.22726556871177,73.51696415676848,12248600
2024-11-25,76.5395278930664,77.11893236831303,75.71870427250639,75.80561162840596,18328900
2024-11-26,74.94615936279297,76.19188302511652,74.90753141579911,76.19188302511652,9495600
2024-11-27,75.65110778808594,76.33674471624408,74.92685027604388,74.94616793551424,8713500
2024-11-29,76.06634521484375,76.46227617117835,75.35174656862564,75.5159098281911,7123500
2024-12-02,76.76519012451172,76.77489825354112,74.93074620999019,75.62958339745225,11221000
2024-12-03,76.54195404052734,77.06608192460335,75.32869710659193,76.67783822471749,9414500
2024-12-04,76.06635284423828,76.20223701672468,74.83367975865622,75.53251687723314,15042600
2024-12-05,76.27017974853516,76.58077320329471,75.80428586382978,75.9595862937756,8316500
2024-12-06,76.5710678100586,78.79375530840517,76.52253457268402,76.89136940441313,13931100
2024-12-09,75.35780334472656,77.11459676496361,75.24132802982642,77.10489604257063,12043400
2024-12-10,74.48426055908203,75.78487571972687,74.36779264374174,75.22192277847564,12193100
2024-12-11,76.53223419189453,76.65841763298567,74.06689559105023,74.53278944059538,12033200
2024-12-12,75.66839599609375,77.0369531627611,75.57133693724742,76.39635004513855,6983200
2024-12-13,74.9792709350586,75.54222387270882,74.51337706128174,75.07632999893197,8037300
2024-12-16,74.93074035644531,76.69724204002846,74.40661991192549,74.50367897923908,13034000
2024-12-17,75.70722961425781,76.4545925970634,74.97927548335149,75.08604268162833,12452400
2024-12-18,74.63956451416016,76.67783458540393,74.58132314860532,75.68782023255946,14376900
2024-12-19,74.83367919921875,75.64899163317409,74.18337532073363,74.67838617688038,27067600
2024-12-20,74.67838287353516,75.70722224205429,72.65952183651545,73.72718631018476,49883400
2024-12-23,74.5036849975586,76.10518565556275,73.51366317764355,74.08632430977731,14203800
2024-12-24,74.53279876708984,74.84339223727486,74.11543809729757,74.49397365767516,4919100
2024-12-26,74.67838287353516,75.18309443022427,74.29013922716496,74.34837318232442,6363500
2024-12-27,74.17366027832031,74.66867108832251,73.57188969079927,74.27071933387552,6334400
2024-12-30,72.45569610595703,73.54276943740179,72.358637044954,73.37776829318345,9042900
2024-12-31,73.44571685791016,74.14455400701443,72.58187855002636,72.69835387658784,9425600
2025-01-02,71.50450134277344,74.43573393300842,71.08714070529489,74.00866516764474,10883400
2025-01-03,71.15508270263672,72.00922023231267,70.86390551262781,71.7471526156596,10083500
2025-01-06,69.88358306884766,72.13538711597195,69.85446609405659,71.58214237954881,14947300
2025-01-07,69.970947265625,71.28127062081866,69.8641874728507,70.27184000751292,10463500
2025-01-08,69.19446563720703,69.70888535737612,68.92269728731635,69.45652585884956,11855000
2025-01-10,69.10710906982422,70.26213199168474,69.00034187174641,69.73800412979338,15677400
2025-01-13,69.96123504638672,70.46594656754024,68.69944513580622,69.07798062795415,14584300
2025-01-14,69.07798767089844,70.08741822125454,68.45680077916113,69.95153405150774,16732900
2025-01-15,68.9809341430664,70.12624895507781,68.75769161477811,69.87388944595463,13468100
2025-01-16,69.0197525024414,69.13622781952218,68.25297332653936,68.81592625139885,13694600
2025-01-17,68.75768280029297,69.41769476675846,68.75768280029297,69.33034383545184,9711300
2025-01-21,71.01920318603516,71.11626225573066,69.0488751912003,69.20417562681898,14199900
2025-01-22,71.86361694335938,72.50421258750677,70.86389467415023,71.22301389408125,13029300
2025-01-23,72.10626983642578,72.31009606423274,70.24270940636421,71.18419034286374,10677400
2025-01-24,71.40744018554688,72.06745216487829,71.0968467485163,71.89274289372787,8106700
2025-01-27,73.35836029052734,73.62042049877624,71.26184900400906,71.28126525951299,11665400
2025-01-28,72.20333862304688,73.37777032551458,71.98010351707015,73.11571011303495,8694400
2025-01-29,74.32897186279297,74.84339159916985,72.13540133292643,72.26157738359906,11764800
2025-01-30,76.02753448486328,76.454595891239,74.59103501305589,74.59103501305589,10902100
2025-01-31,74.63956451416016,76.54195040766317,74.5036803364194,75.81399628185237,13098000
2025-02-03,74.33866119384766,74.43572765424761,71.06772585999147,72.69834316595207,18539200
2025-02-04,74.46485900878906,75.86253337095646,73.80484693833586,75.27046339282347,11943700
2025-02-05,72.37803649902344,74.53278143716885,72.21303537622546,74.0571869164032,9807400
2025-02-06,69.63123321533203,73.18365273239496,69.52446602295264,73.02835230524967,16059400
2025-02-07,66.66118621826172,68.72857327306028,66.60295225774502,68.48592189739757,27428700
2025-02-10,68.8547592163086,68.86445993999045,67.08825743384274,67.32120068946115,16201300
2025-02-11,69.24298858642578,69.87388360391945,68.43739169852927,68.49562565533022,9636600
2025-02-12,70.13595581054688,70.32036582086441,68.26268689113896,68.52474711902825,10810900
2025-02-13,71.05802917480469,71.43656473489695,69.52447067717672,70.32036690674666,9739600
2025-02-14,70.89302062988281,71.33949823361344,70.21359239410273,71.01919666839419,9254400
2025-02-18,75.30928039550781,75.39663874489436,72.31011282733438,72.31011282733438,28252400
2025-02-19,74.52308654785156,75.39663294890148,73.85336640619128,74.56191165513512,14184100
2025-02-20,74.95985412597656,74.99867182329918,74.09600855536043,74.64926071147781,10689600
2025-02-21,74.25131225585938,75.69751221198113,73.63012539933197,75.1248585869546,12823400
2025-02-24,77.92019653320312,78.70638449928113,76.43517152833083,76.5613475583399,24553500
2025-02-25,79.31787109375,79.55081430638941,77.69696192203494,77.94931398358963,15522500
2025-02-26,78.78404235839844,80.0167154230036,78.46374078364606,79.68670572034397,16058100
2025-02-27,77.6678466796875,79.09463790960712,77.12430998453036,79.09463790960712,11651900
2025-02-28,77.0951919555664,77.66784562229181,75.88193513101396,76.92048267662558,14113800
2025-03-03,76.4903793334961,78.9779460730128,75.98310574341977,78.03169230614311,8628800
2025-03-04,75.42705535888672,76.72449615213982,74.90027471855961,75.79774953869672,10034100
2025-03-05,75.9050521850586,76.39281117854718,74.58810439116172,75.43680771917204,9853600
2025-03-06,75.80751037597656,76.41233427506785,74.86125663167746,74.86125663167746,9623700
2025-03-07,76.66596221923828,77.06592820388958,75.08562769529115,75.58314399927302,9294300
2025-03-10,74.52957916259766,78.22679339844336,74.19789916142916,75.61240477395195,15822600
2025-03-11,72.35417175292969,74.2174147949775,71.81764129269759,74.05157851323006,12837000
2025-03-12,71.77861785888672,72.67609265307367,71.43718803964298,72.53952072537616,12304900
2025-03-13,70.86163330078125,72.12980979193753,69.91537956481866,71.38841396129483,10195900
2025-03-14,69.90562438964844,71.73959557489549,69.57394439504365,71.48595880756382,12183000
2025-03-17,71.89566802978516,72.13954751081239,70.26655488274987,70.37386244981074,15996900
2025-03-18,71.51522827148438,72.34442459598962,70.93967617506172,72.08103054575948,8972300
2025-03-19,71.20306396484375,71.6322943100564,70.52020427256221,70.86163411870298,10830500
2025-03-20,70.10072326660156,71.84690135956792,69.76904328027034,71.1347699530352,25202300
2025-03-21,66.27669525146484,67.04735536399487,63.57450622564783,64.95973999837241,77287000
2025-03-24,65.74015808105469,67.20343509566658,65.05729845128052,66.88151236622514,26552500
2025-03-25,64.91096496582031,66.38399914698302,64.61830660521986,65.90598999516153,17394100
2025-03-26,64.13055419921875,64.95974304900905,63.35989405049702,64.754885152657,18688300
2025-03-27,64.18909454345703,65.45726361947517,63.691578223980386,63.89643613373841,16435800
2025-03-28,61.740535736083984,64.24761672367632,61.59420654608516,64.24761672367632,19600300
2025-03-31,61.92588806152344,62.42340437259922,61.11620997987761,61.301557077770944,17400000
2025-04-01,63.17455291748047,63.56476163783461,61.75029369310216,62.26732080576732,13489500
2025-04-02,63.36964797973633,63.79887827861426,62.589238050317476,62.725809974031066,11161400
2025-04-03,54.219295501708984,57.24339999587807,54.04370195339661,54.98995194007324,71499500
2025-04-04,55.84840393066406,57.7701755274803,51.21469356087097,51.917067691952184,67775700
2025-04-07,54.248558044433594,55.780121048203114,52.092664099166434,54.043700151999545,45374400
2025-04-08,51.96584701538086,57.331196295060465,51.08787928109269,57.331196295060465,30404300
2025-04-09,57.86772537231445,58.092094057654336,51.19518234445128,51.975595972004285,44732500
2025-04-10,53.06818389892578,55.84840887859544,51.0000829344741,55.828898070858415,53919800
2025-04-11,53.05842590332031,53.68275685707823,51.565884484411164,53.06818316770742,22617100
2025-04-14,54.05345916748047,55.30212117689536,53.331574117471035,54.27782788971557,28346600
2025-04-15,53.48765182495117,54.03393950389705,52.84380639538373,53.34132264163026,15977100
2025-04-16,52.238990783691406,53.79982189499462,52.03413288649916,53.380348836188,19094900
2025-04-17,54.3948860168457,54.64852279930829,52.33654601235538,52.50238229824497,18935100
2025-04-21,54.74607467651367,54.98020065765953,52.19021829897806,53.87786416377145,17280900
2025-04-22,55.663063049316406,56.66784548206899,54.86313852048901,55.263100784902704,16852200
2025-04-23,55.98497772216797,57.75066665122324,55.311871638260314,57.55556230592504,21660300
2025-04-24,57.04829406738281,57.262909225250425,55.731346212645654,56.394698772140124,14508500
2025-04-25,56.2093505859375,56.823928016753946,55.224078964995954,56.78490640053884,17156000
2025-04-28,55.906944274902344,56.65809366684609,55.40942795441581,56.316660095250064,13321200
2025-04-29,56.131309509277344,56.32641386360516,55.3508958132721,55.60452886898404,12968000
2025-04-30,55.01921844482422,55.20456553107069,53.40961220492066,54.492437814895126,17205900
2025-05-01,55.370399475097656,55.80938331485939,54.882640480097024,55.29235997097658,10527000
2025-05-02,57.155601501464844,57.2629090801267,55.90693961443083,56.45322732935523,14723900
2025-05-05,55.94595718383789,56.91172166490277,55.88742848403792,56.69710650882036,15971000
2025-05-06,55.64354705810547,56.30689958919343,55.399667560538006,55.75085463244408,11440300
2025-05-07,57.18486785888672,57.370218672647525,56.15082109287841,56.453229311025254,11883500
2025-05-08,57.467769622802734,58.911535926577855,57.360462039193415,58.22867253013264,19009000
2025-05-09,56.872703552246094,57.92626486918022,56.79466404060625,57.692138891648355,13954400
2025-05-12,61.04792022705078,61.91613068009713,60.296770895875426,60.852815876395134,29776600
2025-05-13,60.862571716308594,61.24302316772715,60.452855913644335,61.07718688226003,17003100
2025-05-14,60.21873092651367,61.33082094774651,60.01387302182471,60.53089641593671,13736300
2025-05-15,60.87232971191406,61.14547358363696,58.94080063776857,59.15541580629721,14371100
2025-05-16,61.564945220947266,62.18927618250779,60.96987861030175,60.96987861030175,12950600
2025-05-19,60.56016159057617,60.901591415383706,60.24799239478729,60.628447555537676,15105300
2025-05-20,61.028411865234375,61.642985570662276,60.75526427484919,60.96987944130052,10771800
2025-05-21,58.511573791503906,60.247994777140555,58.41402347236037,59.67243896305897,17354700
2025-05-22,59.818763732910156,60.11141838997293,58.68716299664313,59.096882493575706,16764500
2025-05-23,58.55059051513672,58.901777588797714,58.03356716852794,58.394507784765814,14282400
2025-05-27,61.29180145263672,61.301554995855135,59.35051887723633,59.63342000754952,16642100
2025-05-28,60.26750183105469,61.56494257841928,60.05289039804624,61.204001954504506,10015600
2025-05-29,59.935829162597656,61.36008837967884,59.633420941113414,60.960126117952804,12218000
2025-05-30,59.10663986206055,59.62366324704718,58.628634371583495,59.506602120906194,18155100
2025-06-02,60.461795806884766,60.491254635491124,58.52725281296173,58.969153972238075,14065300
2025-06-03,61.247398376464844,61.32596025078529,59.371776706482216,60.137739996961166,10286100
2025-06-04,61.640201568603516,61.905342281026584,61.14920108175407,61.25722178822677,10242300
2025-06-05,61.54199981689453,62.51418243848458,61.10992073287477,61.807140531873635,12336300
2025-06-06,61.66965866088867,61.95443983428337,61.00189771791173,61.54199748901582,13299600
2025-06-09,60.79568099975586,62.3472443584472,60.766222168856004,62.1606617733175,11640000
2025-06-10,62.720401763916016,63.00518669420107,61.12956121962091,61.257222396359325,15287000
2025-06-11,61.97407913208008,63.682758648099856,61.453619839251886,63.24086122756677,10238700
2025-06-12,61.66965866088867,61.797319832761524,60.64837677797849,61.61074100159068,9830500
2025-06-13,59.44051742553711,61.65001960469793,59.0280788168579,60.638559805858186,16509700
2025-06-16,60.78586196899414,61.0608210437966,60.13774147407659,60.27522101147782,13681600
2025-06-17,58.92005920410156,60.196659737649796,58.60581918802927,60.196659737649796,13649700
2025-06-18,58.438873291015625,59.36195655628112,58.30139376113427,58.9200553916366,14194300
2025-06-20,58.71384048461914,58.959340733764364,58.12463763904871,58.67455954570714,19084000
2025-06-23,59.68601608276367,60.19665702235676,58.37013467005279,58.50761794866488,15921300
2025-06-24,60.31449890136719,60.864420803370805,59.39141932096772,60.226122408618025,12564000
2025-06-25,59.7351188659668,60.42251652584512,59.2735772263031,60.34395839873172,12186200
2025-06-26,61.414344787597656,61.60092363312145,59.725301831777614,60.45198423599033,39659800
2025-06-27,70.74334716796875,72.85465064414807,68.43564650464029,68.53384509821487,117530300
2025-06-30,69.76134490966797,70.41928371527437,68.79898073012677,70.16396138322102,31090400
2025-07-01,72.08869934082031,72.60915868894394,70.5371359124747,70.69425218168499,27512900
2025-07-02,75.01505279541016,75.45695023093671,71.68607013769665,71.85300850293353,36882300
2025-07-03,75.01505279541016,75.64353281095016,74.21963441463325,74.89720998296912,12022600
2025-07-07,75.15252685546875,76.1050689167715,74.48476595109676,74.67134851751712,17296900
2025-07-08,72.58950805664062,74.926675100678,72.32437109800135,74.75972924605202,19572400
2025-07-09,72.23599243164062,73.57151441447006,72.0985128885911,72.7957327117917,12076700
2025-07-10,73.27691650390625,74.14107467716937,71.63696915813115,71.80391502025388,13033000
2025-07-11,71.3227310180664,72.51095134709703,71.0968749801908,72.36365718851432,12771400
2025-07-14,70.94956970214844,71.27363181860866,69.75152732643933,71.0379461927797,11385400
2025-07-15,70.69425201416016,71.56823233102747,70.29163548795331,70.95939648767957,9708300
2025-07-16,70.8022689819336,71.40129017759641,69.86937105010351,70.60587178325554,9008600
2025-07-17,71.66643524169922,71.8922912728771,70.74335191756451,70.82191379452767,9180400
2025-07-18,71.16561126708984,71.9610296527833,70.82191242710334,71.9610296527833,8801000
2025-07-21,72.68771362304688,73.46349534304207,71.59769936227273,71.6173360865439,12743900
2025-07-22,74.03305053710938,74.18035217706085,72.70735076169127,72.73680959126705,11297500
2025-07-23,75.36857604980469,75.82029560655931,74.45531482860622,74.77937695369313,16428100
2025-07-24,74.06250762939453,76.14435227809568,74.05269301448125,75.13289252866608,10037800
2025-07-25,74.89720916748047,75.19181244933901,74.17053056218812,74.54369571815197,7208400
2025-07-28,77.81375122070312,78.55025191465646,76.16398936656475,77.57807309641835,22631100
2025-07-29,76.9201431274414,77.94142510631298,76.3604028352984,77.34240387358952,12885500
2025-07-30,75.29984283447266,76.8906872753119,74.59280086076632,76.38004252004683,14601700
2025-07-31,73.34565734863281,75.02487816556342,72.97249217237729,74.97577511855934,16700000
2025-08-01,73.27691650390625,73.35547088905892,71.224530540806,72.11815503708347,11911600
2025-08-04,73.47331237792969,73.90539520279408,72.82519563270593,73.67953168286783,8839000
2025-08-05,73.04122924804688,74.3472923326072,72.90374971199556,73.56169605403865,6533800
2025-08-06,74.1214370727539,74.61243756146776,72.91357257400578,73.12961398777153,7579800
2025-08-07,73.01176452636719,74.9757663024205,72.6680657139723,74.94630747451124,8717600
2025-08-08,72.85465240478516,73.6107898348622,72.06904865305845,72.8644670199291,6739000
2025-08-11,72.68771362304688,73.44385861877089,71.73517890839103,72.982316931628,6985700
2025-08-12,73.55187225341797,74.35711272835593,73.0019466297992,73.37511178369634,6397700
2025-08-13,75.81047058105469,76.29165644235692,73.83665405965343,74.12143523509576,13472600
2025-08-14,75.01505279541016,75.2212720981274,73.99377089713944,74.54369652979153,7990500
2025-08-15,75.5846176147461,76.10507694219977,74.78919920803936,75.35875408988937,9767700
2025-08-18,76.03633880615234,76.85140144578897,75.46677641999135,75.72209878138648,9069100
2025-08-19,75.49623107910156,77.37185650818714,75.29983388400494,76.79247204612842,7684800
2025-08-20,74.88740539550781,76.1640023202353,74.78920678469397,75.30966616487372,6282600
2025-08-21,74.808837890625,74.85794093838034,73.7777338243485,74.33747410522264,6354900
2025-08-22,76.96922302246094,77.71554575748142,74.87756393365677,75.1623450758629,10985900
2025-08-25,77.7450180053711,78.72701901337247,76.97905841786172,77.05762029659938,12488900
2025-08-26,77.234375,78.04943757376577,76.96923055211352,77.57807382867455,6874800
2025-08-27,76.65499877929688,78.07890478243613,76.25238224880464,77.53880121364652,12636700
2025-08-28,76.51750946044922,77.24419553147806,76.32111227437638,77.16563366021995,7478600
2025-08-29,75.9774169921875,77.70573328794646,75.73191675212338,76.35057465993876,14208800
2025-09-02,73.33197784423828,75.06928348523053,73.04571669939806,74.66456711566084,15078700
2025-09-03,73.77616882324219,74.21049709896671,72.95687802722685,73.44055699636974,8300100
2025-09-04,74.37830352783203,74.79288550425605,73.54913957498398,73.78604248565375,11096200
2025-09-05,72.9568862915039,74.43754281991589,72.68049074681983,73.83540856254767,13758400
2025-09-08,73.19377899169922,73.61823410506041,72.75945072751358,73.30236105774563,13793300
2025-09-09,72.65087890625,73.58863256061368,72.1079760304686,73.03584900160703,8740200
2025-09-10,73.29249572753906,74.48689105048908,72.38436156098327,74.27960004710188,11359300
2025-09-11,73.37146759033203,74.55598978900719,73.05559450195142,73.4504377451793,9803400
2025-09-12,72.05860900878906,73.32210122206415,71.00240778072246,73.28261614902334,11806000
2025-09-15,72.08822631835938,72.26590539481808,71.64403239271672,72.23629347057633,10323800
2025-09-16,71.81183624267578,72.43370922681031,71.16034380414706,71.86119446899147,8813600
2025-09-17,71.37751007080078,72.37448753013348,70.6865400679018,72.12771145323981,11108700
2025-09-18,71.17021942138672,72.65087589006053,70.70627918957426,72.49294311619295,14918400
2025-09-19,69.97582244873047,71.31828488432788,69.82775529917039,71.08138196363659,33415600
2025-09-22,70.36079406738281,71.5551893797047,69.52175690942211,69.8771150637833,12336300
2025-09-23,70.01530456542969,71.48608778529174,69.81788672836376,70.64705068124995,10432400
2025-09-24,70.30157470703125,70.60757465298661,69.54150012184,69.7586642890375,10024500
2025-09-25,68.34709930419922,70.24234527491635,68.15955460916042,70.24234527491635,13075300
2025-09-26,68.41619110107422,68.5445194695618,67.15269890401441,68.48528809525693,15627600
2025-09-29,68.65310668945312,69.05781553404194,67.8535470898858,68.87026330817916,18479300
2025-09-30,68.83078002929688,69.30458583378145,67.93251158132502,69.16639184655615,40567700
2025-10-01,73.24313354492188,73.72682005772046,70.68653711016319,73.39120069106414,57921900
2025-10-02,73.60836029052734,75.97741188953079,72.9272559789244,74.03281540006132,26254400
2025-10-03,71.00241088867188,73.81565656965476,70.9925377372276,73.81565656965476,18794900
2025-10-06,70.25221252441406,71.45648099767473,70.09427974961386,71.09124968874883,14039600
2025-10-07,68.0213623046875,70.6569290315914,68.01148915280538,70.31144402580016,17368000
2025-10-08,68.19902801513672,68.53464737132738,67.78444604367266,68.02135648251583,13051800
2025-10-09,67.18231964111328,68.76169262568587,67.01451370908022,68.65311054472129,13410900
2025-10-10,64.37894439697266,67.60677218173254,64.04332501495932,67.30077225510928,18806100
2025-10-13,66.51107788085938,66.64927186553942,64.70468292939675,64.85274253369155,13191200
2025-10-14,66.76773834228516,67.12309651454875,65.20811164524034,65.61282804793278,9483700
2025-10-15,67.57715606689453,68.63335731339828,67.25140985687739,67.69561128808469,13001500
2025-10-16,65.9780502319336,68.14968429067926,65.7214085267885,67.71535597272845,15349700
2025-10-17,66.501220703125,66.89605640604265,65.46475815544545,65.77075808450911,10054000
2025-10-20,66.74799346923828,67.30076945068697,66.59992632249083,66.68876209193455,9670000
2025-10-21,67.47844696044922,68.39645421184913,66.54070093774304,66.8763127670037,9659200
2025-10-22,68.18916320800781,68.46555119227875,67.08360373991634,67.34025295288552,8096100
2025-10-23,68.78143310546875,68.98872412035976,67.85355258366343,68.19903760848177,9124900
2025-10-24,68.2187728881836,69.17626518151307,68.02135505762406,68.81103391086968,7102900
2025-10-27,67.70548248291016,69.53163152099751,67.37974377708052,69.13678828219462,9838100
2025-10-28,66.56044006347656,67.7252233829497,66.18534315859829,67.23167125657986,11262400
2025-10-29,64.50726318359375,66.3235389746869,64.11241996544237,66.14585990306918,15143100
2025-10-30,64.06307220458984,65.14888545598798,63.7373259698679,64.33946021065391,13895200
2025-10-31,63.75706481933594,64.40855728956265,63.42145296328583,64.16178120799344,17822500
2025-11-03,61.84208297729492,64.01370932221671,61.536079303181374,63.885388480446686,22633300
2025-11-04,60.44039535522461,61.78285779500128,60.33181328060972,61.615048107277175,13725400
2025-11-05,61.30904769897461,62.03950276065793,60.07516734362736,60.48974933558211,20979800
2025-11-06,61.09188461303711,61.674276301501116,60.87472046176115,61.082015226844604,15164600
2025-11-07,60.30220031738281,61.378144127878095,59.51251765039177,60.94381960240902,15504800
2025-11-10,60.01593780517578,61.289303194754886,59.70993789679127,60.95368759824963,13063100
2025-11-11,62.335636138916016,62.77983004788611,60.45026713437411,60.933946117853885,17646400
2025-11-12,63.37208938598633,64.34932800884779,62.91802610344695,63.273380467891315,14812200
2025-11-13,65.17849731445312,65.40553462263662,64.04332583555228,64.86262423198586,21923600
2025-11-14,63.34247970581055,64.22100191066659,62.92789771653178,64.10255421716293,17760100
2025-11-17,62.08885955810547,62.720605683021,61.45710966768601,62.25666547512819,17064700
2025-11-18,61.684146881103516,61.950661717733006,60.88459107470328,61.59530734705905,14614600
2025-11-19,61.83221435546875,62.404736671780654,61.21033757597579,61.62492335080582,11732100
2025-11-20,60.637813568115234,63.00686524264657,60.618071031518696,62.1382124599179,13886600
2025-11-21,61.99014663696289,62.681120370526166,60.74639692895212,61.21033336957714,12476900
2025-11-24,61.13136672973633,62.25666497641581,61.13136672973633,61.70388523879085,16681700
2025-11-25,62.85879898071289,63.29312726090812,61.07213893150955,61.53607913426213,11527200
2025-11-26,63.500423431396484,64.03346067394752,62.15796093852909,62.681125029086104,13791000
2025-11-28,63.796546936035156,63.94461408430824,63.14506202704481,63.63861416728307,4941400
2025-12-01,64.95883178710938,65.55487400024211,63.16076896341736,63.3495147800158,12047300
2025-12-02,64.50186920166016,65.0383094951826,64.15417852412385,65.01843712555862,9051200
2025-12-03,65.21711730957031,66.22045967469568,64.55153698716805,64.65087608946742,12028300
2025-12-04,65.2568588256836,65.66415144604585,64.58134227419832,65.16744832227985,10619500
2025-12-05,65.42573547363281,65.6442860587559,64.45219402510857,65.26678683751125,10917900
2025-12-08,63.12103271484375,65.36613291505101,62.852812578206034,65.16744712175193,12867300
2025-12-09,62.912418365478516,63.52832916701204,62.554791516348075,63.091228000499704,9300200
2025-12-10,65.35619354248047,65.71382037388541,63.339576418623494,63.55812699104737,20302100
2025-12-11,67.2933349609375,67.37280927721189,65.1277091065322,65.39593302918625,16153500
2025-12-12,67.0251235961914,68.68411028144178,66.67743291052345,67.72050496752733,14829200
2025-12-15,67.33307647705078,67.8993177537505,66.2502672693098,66.9655210038965,15287500
2025-12-16,66.67742919921875,67.75030217255052,66.29992997942949,66.84630644013075,16376700
2025-12-17,65.2568588256836,66.38934134154299,65.18732069151989,66.12111741041997,13205500
2025-12-18,65.19725036621094,66.5582196761198,64.96877116982118,65.57474959708009,35650000
2025-12-19,58.322879791259766,59.981870192588374,57.8361128528804,58.80965051918323,108652700
2025-12-22,56.84270477294922,58.690440937160716,56.7632304568548,58.60103422632648,38695900
2025-12-23,56.9619140625,57.220198017996296,56.614223393650356,56.80296921537672,23276700
2025-12-24,59.604373931884766,60.18055136554079,58.49176001289525,58.49176001289525,36073300
2025-12-26,60.52824401855469,60.52824401855469,59.46529961836242,59.604375889109946,22303600
2025-12-29,60.806396484375,61.342836776199974,60.11101134195864,60.14081610675613,18062100
2025-12-30,60.78652572631836,60.895801017724025,60.240153058834046,60.895801017724025,13507800
2025-12-31,63.28990936279297,63.77667628841821,61.511711319612445,61.83953719117328,35457400
